,region,genre,number_of_movies,avg_rating
0,JP,Adventure,8347,6.128069965256983
1,RO,Action,3872,6.09013429752066
2,IL,Comedy,3252,6.304551045510453
3,SG,Mystery,1637,5.888210140500918
4,AE,Sci-Fi,460,5.6582608695652175
5,TH,History,202,6.933168316831683
6,BA,Thriller,192,5.855729166666666
7,XAS,War,7,5.971428571428571
8,PK,Thriller,71,6.48450704225352
9,DO,Crime,53,6.520754716981132
10,SA,Comedy,46,6.293478260869565
11,SE,Romance,6981,6.300143245953304
12,NL,Crime,3022,6.310522832561218
13,BE,War,983,6.515768056968464
14,RS,Drama,8015,6.667436057392392
15,MX,History,1164,6.708934707903781
16,HR,Horror,818,5.876283618581907
17,ES,Family,2959,6.006387293004395
18,PT,Documentary,1407,7.123454157782514
19,PE,Musical,79,6.543037974683544
20,NZ,Musical,85,6.508235294117648
21,NG,Musical,8,6.85
22,EG,Horror,953,5.447429171038826
23,PT,Adult,497,5.77625754527163
24,BD,Animation,104,6.270192307692309
25,GT,Animation,12,6.733333333333333
26,VE,Drama,2241,6.483846497099509
27,US,Documentary,29312,7.205796260917024
28,CH,Comedy,882,6.207256235827666
29,FI,Sport,629,6.3559618441971395
30,AT,Thriller,1018,6.372888015717092
31,AU,Horror,7729,5.003286324233405
32,NO,Sport,254,6.556692913385827
33,CN,Family,820,6.347682926829267
34,UA,Western,171,6.552631578947368
35,TH,Action,1955,6.199028132992327
36,FR,Adult,1697,5.1109605185621705
37,KZ,Horror,266,5.859774436090224
38,XWW,Sport,658,6.422492401215806
39,LK,Family,35,6.92
40,UG,Action,13,8.376923076923077
41,FR,Drama,41222,6.291628256756092
42,XWW,War,2415,6.460165631469979
43,ES,Unknown,561,5.885918003565063
44,DK,Family,1706,6.106799531066822
45,AR,Mystery,2110,6.174265402843601
46,GB,Musical,2619,6.1987781596029015
47,TW,History,881,6.833030646992054
48,IE,War,221,6.549773755656108
49,NL,Animation,886,6.405417607223477
50,YUCS,Adventure,23,6.895652173913044
51,XKO,Romance,18,6.733333333333333
52,XSA,Action,29,6.199999999999999
53,MD,Biography,6,6.383333333333333
54,PL,Action,7529,5.705658121928544
55,RU,Horror,6541,4.93247209906742
56,RO,Horror,1464,5.607445355191258
57,NL,Action,3416,5.981586651053861
58,RS,Film-Noir,51,7.458823529411766
59,UY,Western,119,6.563865546218487
60,NO,Action,2979,5.980396106075859
61,LT,Horror,777,5.993436293436293
62,KZ,Drama,894,7.042281879194632
63,UZ,Animation,195,6.97076923076923
64,MK,Action,85,6.651764705882353
65,NP,History,13,7.915384615384616
66,LK,Crime,26,6.726923076923076
67,XWW,Romance,9596,6.12498957899125
68,BG,Drama,11718,6.525456562553339
69,XWW,Comedy,19922,5.97813472542917
70,PT,Musical,1298,6.228967642526964
71,GB,Documentary,18096,7.105962643678162
72,CSHH,Unknown,195,5.569230769230769
73,LT,Family,572,6.150174825174825
74,RO,Sport,261,6.493103448275863
75,BG,Animation,624,6.424519230769231
76,SK,Mystery,575,6.564521739130434
77,CL,Family,272,6.293014705882352
78,DZ,Drama,260,6.752692307692307
79,CM,Comedy,34,6.273529411764707
80,BO,Adventure,45,6.39111111111111
81,AF,Action,6,6.966666666666668
82,ES,News,40,7.31
83,TJ,Animation,13,6.984615384615383
84,NO,Horror,1378,5.52844702467344
85,SE,Documentary,3302,7.037068443367655
86,IT,Music,1475,6.564474576271187
87,SE,Film-Noir,582,6.7012027491408945
88,ID,Action,2161,6.033873206848679
89,NZ,Horror,408,5.802696078431373
90,EC,Unknown,59,6.059322033898305
91,ID,Musical,108,6.469444444444446
92,XKO,Sci-Fi,6,6.050000000000001
93,AL,Fantasy,52,6.476923076923076
94,GT,Mystery,8,5.4750000000000005
95,US,Talk-Show,24,6.0874999999999995
96,CA,Reality-TV,18,6.316666666666666
97,BO,Documentary,21,7.128571428571428
98,DO,Music,12,7.191666666666666
99,SE,Sport,635,6.3251968503937
100,XYU,Thriller,480,6.680833333333335
101,XPI,Documentary,8,5.7124999999999995
102,PA,Romance,71,6.619718309859155
103,XEU,Musical,42,6.095238095238095
104,XWG,Sci-Fi,980,5.500918367346939
105,XEU,Horror,243,5.089711934156378
106,MA,Drama,209,6.728708133971292
107,IS,Horror,62,5.837096774193548
108,YUCS,Documentary,12,7.616666666666666
109,SE,Family,2216,6.0723826714801445
110,FI,Mystery,2505,6.330139720558883
111,NL,Comedy,5272,6.135584218512896
112,IN,Drama,44092,6.434491517735636
113,BG,History,817,6.795838433292533
114,PL,Documentary,4939,7.072585543632314
115,BG,Mystery,1554,6.205212355212355
116,VE,Fantasy,321,5.8591900311526475
117,TH,Comedy,1905,6.134645669291339
118,GT,Comedy,30,6.3133333333333335
119,AL,Adventure,182,6.718131868131868
120,XWW,Adult,429,5.342424242424242
121,BY,Biography,15,7.120000000000001
122,DO,Comedy,185,6.21027027027027
123,IS,Adventure,302,6.640397350993377
124,DO,Drama,238,6.6319327731092415
125,VN,Animation,832,6.553365384615385
126,PY,Adventure,19,6.389473684210526
127,XEU,Western,38,6.057894736842105
128,KZ,Documentary,11,7.554545454545454
129,XKO,Animation,16,6.062499999999999
130,XAS,Music,7,6.5
131,CD,Documentary,6,6.8999999999999995
132,SA,Fantasy,9,5.822222222222223
133,US,Western,6569,5.909225148424415
134,PL,Mystery,3478,5.9891891891891875
135,SUHH,Drama,14452,6.56284251314697
136,UY,Musical,137,6.518248175182481
137,PH,Comedy,5505,6.051516802906448
138,UY,Film-Noir,66,7.28939393939394
139,LT,Fantasy,670,6.260298507462688
140,PA,Action,74,6.922972972972974
141,VN,Action,3118,6.113919178960873
142,TH,Horror,1245,5.506104417670683
143,PH,Unknown,48,6.241666666666666
144,TJ,Mystery,6,6.466666666666666
145,DK,Crime,4156,6.327478344562079
146,DK,Sport,304,6.5121710526315795
147,BE,History,635,6.506929133858269
148,AU,Film-Noir,582,6.642268041237114
149,HK,Action,7255,5.968063404548586
150,BE,Horror,834,5.759352517985611
151,XYU,Biography,219,6.8611872146118715
152,UY,War,205,7.123414634146342
153,HK,Biography,558,6.979928315412186
154,PH,Documentary,1060,6.910188679245281
155,ZW,Drama,11,7.199999999999999
156,LU,Thriller,53,6.033962264150943
157,MY,War,16,6.843749999999999
158,FR,Unknown,1121,5.819892952720785
159,XWW,Adventure,5907,6.006788555950569
160,UA,Family,1178,6.040407470288625
161,SK,War,219,7.091324200913243
162,AZ,Thriller,162,6.8530864197530885
163,LB,Romance,46,6.060869565217391
164,IE,Sci-Fi,264,6.205303030303031
165,PK,Animation,78,6.526923076923078
166,EC,Music,531,6.663088512241056
167,DDDE,Drama,2659,6.660549078600976
168,EG,Music,152,6.280263157894736
169,RU,Thriller,7693,5.470037696607306
170,TR,Documentary,1193,6.991701592623638
171,AZ,Biography,72,7.483333333333334
172,LU,Drama,252,6.612698412698413
173,SG,Documentary,936,6.920405982905983
174,DO,Romance,68,6.202941176470588
175,MT,Action,6,4.966666666666666
176,UA,Drama,8271,6.618244468625321
177,ES,Documentary,4640,7.079547413793103
178,NO,Mystery,1252,6.2300319488817895
179,BG,Action,3880,5.9205670103092745
180,NO,Biography,825,6.872000000000001
181,YUCS,Fantasy,16,6.85625
182,KR,Biography,452,7.000663716814159
183,SI,Sci-Fi,363,6.449862258953169
184,XEU,Action,307,5.68273615635179
185,TN,Biography,22,7.877272727272726
186,LB,Animation,24,6.483333333333334
187,XEU,Music,37,6.551351351351352
188,AF,Drama,35,7.0514285714285725
189,RS,Horror,1922,5.673777315296567
190,SE,Music,1303,6.57498081350729
191,UY,Adventure,1111,6.490819081908191
192,BG,Music,505,6.584752475247524
193,IS,Drama,442,6.6574660633484175
194,AT,Documentary,1005,7.166965174129355
195,AE,Horror,1126,5.1888987566607465
196,KR,Adult,13,6.292307692307692
197,GB,News,273,7.215018315018314
198,CM,Animation,23,6.386956521739131
199,KP,Romance,16,5.862499999999999
200,GT,Horror,20,5.505
201,NO,Romance,2980,6.446778523489934
202,RU,History,2044,6.621526418786691
203,FR,Musical,1626,6.18720787207872
204,IL,Family,473,6.103805496828752
205,HR,Fantasy,535,6.419439252336449
206,BG,Western,476,6.348319327731093
207,RU,Animation,2063,6.321231216674745
208,ID,Crime,1277,6.230462020360218
209,IQ,War,17,6.7176470588235295
210,MY,Animation,207,6.631884057971015
211,GL,Drama,17,6.382352941176471
212,MV,Drama,7,7.185714285714285
213,LV,Musical,36,6.383333333333334
214,IT,Comedy,18288,5.9523403324584425
215,XYU,Romance,1657,6.6598068799034404
216,CN,Fantasy,1446,6.145712309820197
217,NO,Crime,3090,6.308025889967637
218,EG,Crime,1408,6.427414772727272
219,IR,Horror,236,5.535593220338983
220,IS,Family,124,6.379032258064517
221,KZ,Romance,171,6.65672514619883
222,XWW,Biography,2129,6.808266791921089
223,IS,Animation,204,6.5
224,IR,Thriller,462,6.079220779220778
225,CU,Romance,54,6.625925925925926
226,KG,Comedy,26,6.684615384615383
227,GL,Romance,9,5.9
228,SN,Romance,6,6.566666666666666
229,MK,Fantasy,25,6.932
230,BE,Romance,3074,6.41890045543266
231,HR,Western,175,6.662285714285714
232,PE,War,155,6.838064516129033
233,CSHH,Thriller,201,6.581592039800995
234,IR,Fantasy,227,6.081497797356827
235,XWG,Unknown,290,5.687586206896551
236,AT,Animation,382,6.442670157068064
237,TW,Music,642,6.805451713395639
238,ID,History,254,6.746062992125984
239,PK,Sci-Fi,14,6.664285714285714
240,MY,Crime,276,6.154710144927535
241,MY,Romance,468,6.545726495726494
242,DE,News,84,7.260714285714287
243,AU,Unknown,202,6.332673267326734
244,NL,Family,1358,6.079749631811488
245,PL,Musical,930,6.341935483870969
246,CZ,Thriller,1509,6.178860172299537
247,AR,Documentary,2051,7.0748902974158945
248,YUCS,Family,20,7.1
249,AZ,Fantasy,110,6.752727272727272
250,US,Reality-TV,54,6.74814814814815
251,SA,Family,6,5.766666666666667
252,IT,Unknown,608,5.862500000000001
253,XYU,Documentary,64,7.14375
254,AL,Romance,67,6.555223880597015
255,XKO,Fantasy,14,6.164285714285714
256,BUMM,Drama,6,7.266666666666667
257,BJ,Adventure,20,6.465000000000001
258,BO,Thriller,30,6.03
259,TN,Sport,9,8.155555555555557
260,IQ,Family,6,5.733333333333333
261,MX,Fantasy,2066,5.965053242981608
262,MX,Thriller,5016,5.736323763955341
263,TW,Horror,2657,5.465750846819722
264,UY,Music,198,6.807575757575757
265,BY,Animation,75,6.7093333333333325
266,XEU,Mystery,120,5.8175
267,GR,War,2361,6.489665396018634
268,CSHH,Musical,150,6.359333333333333
269,PR,Drama,151,6.605298013245032
270,IN,Sport,900,6.604444444444446
271,PH,War,342,6.158187134502925
272,BE,Animation,516,6.418992248062016
273,CZ,Western,159,6.664779874213837
274,GE,Mystery,58,6.908620689655173
275,CI,Comedy,14,6.371428571428572
276,NP,Family,23,7.382608695652174
277,LK,History,27,7.2592592592592595
278,IT,Reality-TV,9,7.077777777777778
279,HU,Drama,24924,6.454449526560743
280,RU,Action,8865,5.634032712915962
281,RU,Documentary,3808,7.1286764705882355
282,RU,Family,2447,5.884102983244789
283,GR,Musical,1448,6.234668508287293
284,TR,Horror,2949,5.274465920651068
285,CN,War,636,6.695125786163523
286,CO,Drama,2438,6.535397867104183
287,RO,Biography,893,6.944344904815231
288,CL,War,206,6.57378640776699
289,CO,Fantasy,273,6.130402930402931
290,VN,Biography,487,7.035728952772074
291,GE,War,26,7.511538461538462
292,IQ,Drama,65,6.478461538461538
293,LU,Documentary,56,7.073214285714287
294,VE,War,154,6.760389610389611
295,HU,Thriller,4776,5.803433835845896
296,PT,Biography,1755,6.787065527065526
297,XAS,Horror,73,5.293150684931507
298,XEU,Family,168,6.304166666666666
299,TN,Drama,317,7.188328075709778
300,CN,Unknown,157,6.164968152866242
301,LK,War,7,7.142857142857143
302,MD,Horror,14,5.864285714285715
303,DK,Western,1505,6.143056478405318
304,AR,Adventure,3543,6.1812588202088605
305,JP,Comedy,18344,6.125163541212385
306,SE,Action,5858,5.878747012632296
307,CZ,Drama,5734,6.661248692012558
308,AT,Horror,683,5.835724743777453
309,IN,Action,17777,5.957743151262871
310,GR,Western,2237,6.024184175234689
311,RO,Animation,749,6.451668891855807
312,UZ,Music,31,7.103225806451613
313,MY,Documentary,36,7.313888888888889
314,US,Drama,98337,6.203824603150401
315,IN,Animation,2036,6.6499999999999995
316,IL,Thriller,1433,6.1216329378925325
317,EG,Thriller,1492,5.982707774798928
318,MK,Biography,21,7.128571428571429
319,PR,Music,13,6.461538461538461
320,MN,Adventure,46,6.4217391304347835
321,BA,Sci-Fi,57,6.303508771929824
322,MY,Sport,26,6.938461538461539
323,CY,Adventure,7,6.442857142857142
324,GB,Western,3333,5.92448244824482
325,PL,War,2198,6.580436760691537
326,DE,Action,10130,5.575014807502472
327,XYU,Unknown,161,6.445341614906833
328,BR,Family,3009,5.958590893984712
329,PH,Thriller,3256,5.47684275184275
330,BA,Sport,8,6.200000000000001
331,BO,Horror,31,5.490322580645161
332,BD,Horror,35,5.9314285714285715
333,SE,Drama,24326,6.364182356326563
334,IR,Romance,721,5.948543689320389
335,FR,Family,2972,5.98263795423957
336,CSHH,Adventure,658,6.622188449848024
337,BG,Comedy,6532,6.191258420085735
338,EE,Crime,868,6.552419354838707
339,BE,Musical,947,6.206230200633579
340,XYU,Musical,437,6.437757437070939
341,LT,Documentary,323,7.375232198142414
342,LT,Romance,1733,6.50750144258511
343,RU,Mystery,3940,5.741091370558375
344,NO,Sci-Fi,595,5.801344537815127
345,YUCS,Drama,168,6.648809523809524
346,BO,Animation,25,6.292000000000001
347,UY,Unknown,14,6.299999999999999
348,FI,War,1952,6.57361680327869
349,IL,Action,1843,6.219967444384156
350,MX,Comedy,11129,6.1009884086620545
351,CA,Musical,1687,6.320569057498519
352,DE,Documentary,8395,7.092054794520548
353,IR,Musical,101,6.532673267326733
354,SI,Fantasy,361,6.445152354570638
355,CO,Action,1014,6.186785009861935
356,CR,Adventure,49,6.346938775510204
357,KR,Animation,478,6.5767782426778245
358,CG,Drama,29,6.941379310344829
359,SK,Unknown,25,6.18
360,XYU,Horror,266,6.277067669172932
361,MX,War,1162,6.549311531841653
362,MX,Romance,5625,6.298559999999999
363,IS,Comedy,386,6.429015544041451
364,EG,Drama,5353,6.367457500467027
365,RU,Music,1323,6.576795162509448
366,IR,Biography,185,6.718918918918919
367,CSHH,Family,370,6.556756756756756
368,IL,Sci-Fi,510,6.2637254901960775
369,JM,War,6,5.266666666666667
370,IQ,Romance,10,6.2299999999999995
371,HU,War,1696,6.683372641509432
372,HU,Comedy,14898,6.136018257484224
373,CA,Romance,14349,6.223590494111095
374,VN,Family,531,6.156497175141243
375,RS,History,566,6.919434628975264
376,BG,War,681,6.830249632892805
377,NZ,Documentary,557,7.415798922800719
378,SG,Romance,2949,6.195930824008135
379,CSHH,Comedy,1476,6.577845528455284
380,PT,Sci-Fi,1463,5.694258373205742
381,CO,War,134,6.602985074626865
382,NZ,Film-Noir,61,6.334426229508196
383,PH,Family,864,6.127546296296296
384,YUCS,Western,18,6.25
385,XEU,Thriller,257,5.601167315175097
386,SE,Adult,917,5.6741548527808074
387,LV,Horror,360,5.819444444444445
388,AE,Western,49,6.151020408163265
389,MY,Biography,36,6.958333333333333
390,TN,Animation,19,6.915789473684209
391,MD,Action,31,6.296774193548388
392,SE,Thriller,4538,5.891229616571177
393,HR,Comedy,2934,6.429243353783231
394,TW,Action,5492,6.01567734887108
395,DK,Music,894,6.515436241610738
396,XWW,Sci-Fi,1650,5.662909090909093
397,PH,Mystery,1642,5.748112058465287
398,DDDE,Comedy,1171,6.552433817250212
399,CL,Sci-Fi,285,6.231578947368421
400,SG,Film-Noir,40,7.42
401,KZ,Adventure,813,6.732595325953259
402,AL,Crime,90,6.671111111111111
403,LV,History,175,6.844571428571428
404,MY,Family,152,6.594078947368422
405,MA,Romance,16,6.36875
406,JP,Horror,8628,5.275544738062125
407,FI,Fantasy,1880,6.190531914893618
408,GB,Film-Noir,862,6.532714617169375
409,BA,Romance,108,6.412962962962963
410,BO,Biography,11,6.0
411,BE,Sci-Fi,407,5.983783783783783
412,KR,Thriller,1796,5.86119153674833
413,DDDE,Thriller,166,6.372289156626506
414,LT,Biography,625,7.044640000000001
415,GB,Adult,229,5.405676855895196
416,KR,Documentary,719,7.109596662030598
417,XAS,Documentary,27,7.3999999999999995
418,MK,Family,25,7.028
419,SA,Crime,20,6.19
420,MY,Sci-Fi,61,6.101639344262295
421,PH,Western,134,5.851492537313433
422,HR,History,371,6.953369272237198
423,SI,Biography,379,7.1000000000000005
424,AT,Biography,707,6.845968882602545
425,IL,Fantasy,557,6.312208258527827
426,TR,Unknown,269,5.117843866171005
427,IE,Biography,581,6.990533562822719
428,TW,Unknown,106,5.89811320754717
429,BD,Crime,82,6.413414634146341
430,MT,Thriller,6,4.9
431,MN,Thriller,22,5.804545454545454
432,NP,Biography,11,8.518181818181818
433,FR,History,2647,6.665281450698906
434,IT,Action,8915,5.725720695457096
435,SE,Crime,6467,6.230910777794964
436,ES,History,2452,6.6088091353996745
437,BE,Action,1700,6.001529411764705
438,SI,Unknown,43,6.274418604651163
439,VN,History,342,6.791812865497077
440,GE,Comedy,185,6.704324324324325
441,LT,Action,1986,6.276032225579053
442,BA,Mystery,123,5.778048780487805
443,XAS,Sci-Fi,25,5.928
444,LB,Crime,18,6.811111111111111
445,FR,Comedy,21666,5.9341318194406
446,LV,Drama,1954,6.643500511770726
447,RU,Sci-Fi,2274,5.246877748460863
448,SV,Adventure,8,6.4375
449,PL,Adventure,5645,6.015500442869796
450,RU,Western,342,5.784795321637427
451,JP,History,2473,6.7295592397897295
452,RO,Thriller,2577,6.085952658129607
453,SUHH,Music,595,6.533277310924369
454,VE,Crime,669,6.393871449925261
455,DDDE,Documentary,65,7.28923076923077
456,PK,Comedy,166,6.165662650602409
457,CO,Documentary,307,7.327035830618891
458,SN,Thriller,6,6.716666666666668
459,LB,History,19,7.184210526315789
460,DO,Animation,19,6.7368421052631575
461,AZ,Documentary,25,7.208000000000001
462,JP,Romance,10892,6.315011017260376
463,BR,Fantasy,3019,5.868731368002651
464,PT,Family,1453,6.145767377838953
465,SUHH,History,1232,6.686282467532466
466,SG,Comedy,4826,6.010319104848735
467,AZ,War,35,7.411428571428571
468,SK,Thriller,982,6.407026476578413
469,ME,Comedy,44,6.122727272727272
470,XSA,Drama,53,6.592452830188681
471,PY,Animation,13,6.392307692307692
472,DZ,Family,23,6.478260869565218
473,SY,Thriller,6,5.6000000000000005
474,AR,Drama,16724,6.487682372638125
475,DE,War,1567,6.438225909380985
476,TR,Western,881,6.047673098751419
477,TW,Mystery,1906,6.067943336831061
478,KZ,Crime,301,6.868770764119601
479,RU,Sport,854,6.3831381733021075
480,AE,Biography,448,6.978571428571429
481,BF,Romance,10,7.24
482,MM,Drama,28,7.485714285714287
483,NO,News,20,7.615
484,FI,News,58,7.003448275862069
485,NP,Thriller,23,7.07391304347826
486,GB,Fantasy,5285,5.712261116367077
487,TR,History,1104,6.541847826086956
488,RU,Musical,655,6.139999999999999
489,SK,Sci-Fi,502,6.214541832669322
490,PH,Crime,2558,6.105942142298671
491,XWG,Action,3911,5.6522884172845815
492,BF,Action,6,6.050000000000001
493,KZ,Mystery,152,6.429605263157895
494,AM,Drama,129,6.3426356589147295
495,QA,Drama,18,6.727777777777778
496,BF,Adventure,11,6.3
497,XWW,Thriller,5734,5.842657830484827
498,GB,War,3244,6.349660912453761
499,AU,Thriller,8639,5.530871628660725
500,PL,Comedy,15971,6.088641913468158
501,IE,Western,255,6.145490196078431
502,GE,Documentary,48,7.708333333333333
503,UY,Thriller,742,6.456603773584908
504,CSHH,Horror,205,6.064878048780487
505,PL,Adult,17,5.658823529411765
506,UA,Romance,2451,6.391432068543449
507,CA,Family,4463,6.018149226977368
508,BG,Adventure,2919,6.203460089071598
509,MX,Musical,1126,6.23570159857904
510,CH,Adventure,418,6.373205741626794
511,IE,Adventure,1112,6.3443345323741
512,DDDE,Fantasy,223,6.6255605381165905
513,CU,Film-Noir,9,6.300000000000001
514,PK,Western,9,5.988888888888889
515,CM,History,7,7.014285714285714
516,PY,Horror,10,5.74
517,YUCS,Horror,9,5.71111111111111
518,ES,Romance,10045,6.244141363862622
519,PL,Crime,7204,6.188492504164357
520,HK,Horror,2249,5.409515340151176
521,BR,Animation,1964,6.43172097759674
522,IT,War,1954,6.433265097236438
523,CH,Musical,51,6.270588235294118
524,CN,Animation,1243,6.533145615446498
525,DE,Adult,200,5.450000000000001
526,EE,Documentary,309,7.120064724919094
527,CH,Fantasy,131,6.266412213740457
528,MY,Mystery,208,5.933653846153846
529,XSA,Adventure,35,6.154285714285714
530,GB,Adventure,11186,5.829769354550335
531,PT,Adventure,5073,5.998580721466587
532,BE,Mystery,845,6.437751479289941
533,IE,Documentary,884,7.400791855203619
534,NL,Film-Noir,233,6.9493562231759665
535,PH,Sci-Fi,1069,5.483348924228249
536,EE,Music,137,6.778102189781021
537,ID,Mystery,884,5.916742081447966
538,GE,Horror,30,5.83
539,SN,Animation,17,6.352941176470588
540,MK,War,11,7.545454545454544
541,ES,Western,2213,5.931676457297787
542,EC,Comedy,6222,6.088862102217937
543,IT,Family,2430,5.975843621399175
544,BE,Crime,2352,6.354761904761906
545,AU,Documentary,5939,7.137598922377503
546,UA,Documentary,883,7.385277463193657
547,VE,Western,173,6.253179190751446
548,CL,Thriller,719,6.1340751043115445
549,SK,Music,138,6.868115942028984
550,PA,Thriller,71,6.68169014084507
551,LT,History,395,7.00253164556962
552,DZ,War,26,6.796153846153847
553,RU,Adult,32,5.156250000000001
554,AM,Thriller,11,5.509090909090909
555,BF,Animation,10,6.790000000000001
556,JP,Crime,10390,6.2073917228103985
557,TH,Sport,77,6.787012987012988
558,PR,Comedy,111,6.692792792792792
559,ZA,Documentary,854,6.9581967213114755
560,NP,Adventure,15,6.866666666666666
561,LT,Unknown,7,6.085714285714286
562,CA,News,100,7.388000000000001
563,GB,Thriller,16831,5.440140217455886
564,RS,Animation,641,6.564118564742589
565,ES,Musical,1601,6.131292941911305
566,JM,Western,63,5.906349206349207
567,ES,Film-Noir,633,6.793680884676143
568,JM,Drama,118,6.454237288135594
569,BE,Documentary,738,7.153252032520324
570,KR,History,391,6.7199488491048625
571,CR,Animation,39,6.317948717948718
572,VN,Sci-Fi,637,6.033124018838305
573,MK,Drama,231,6.895238095238095
574,XKO,War,6,6.016666666666666
575,CG,Adventure,16,6.325
576,AM,History,9,5.888888888888889
577,SY,Documentary,21,7.057142857142857
578,BG,Biography,1075,6.910418604651163
579,RU,Adventure,5357,5.866380436811646
580,XWG,Romance,3520,6.2141477272727315
581,RO,Comedy,6224,6.2481844473007735
582,HR,Thriller,1275,6.367529411764706
583,MX,Animation,1320,6.495378787878788
584,IR,Adventure,582,6.306013745704467
585,PR,Thriller,26,5.976923076923077
586,DZ,Romance,31,6.4645161290322575
587,NG,Mystery,12,5.925
588,IT,Crime,8872,6.098884129846712
589,US,Sci-Fi,8395,5.273567599761764
590,UY,Horror,545,5.97559633027523
591,IL,Music,319,6.705015673981191
592,AZ,Drama,594,7.151010101010101
593,HK,Music,274,6.901459854014599
594,XKO,Action,28,6.160714285714285
595,LU,History,26,7.015384615384615
596,TN,Action,19,6.173684210526316
597,AU,Drama,28733,6.233195280687704
598,US,Mystery,11924,5.785826903723585
599,ES,Mystery,4780,5.925460251046026
600,BR,Music,2007,6.432286995515696
601,HU,Sport,688,6.292877906976745
602,CH,Music,86,6.680232558139535
603,BY,Drama,189,6.620105820105819
604,PA,Fantasy,48,6.702083333333333
605,UA,Sci-Fi,1035,5.97623188405797
606,IS,War,8,7.012499999999999
607,PA,Musical,11,6.70909090909091
608,MA,Comedy,77,6.6558441558441555
609,IS,Music,28,7.353571428571429
610,MK,Sci-Fi,19,6.5210526315789465
611,SA,Animation,17,6.094117647058823
612,LU,Romance,39,6.494871794871795
613,NL,Biography,919,6.936670293797607
614,JP,Action,13733,5.92673851307071
615,XWG,Drama,13695,6.29732018985031
616,NO,Comedy,5857,6.182175175004269
617,US,Music,6128,6.715013054830288
618,XYU,Mystery,400,6.656499999999999
619,SG,Adventure,1915,6.171331592689296
620,HK,Film-Noir,12,7.633333333333334
621,AE,Adventure,940,6.242765957446809
622,DO,Thriller,39,6.107692307692307
623,BJ,Animation,22,6.5227272727272725
624,LI,Animation,13,6.584615384615384
625,TJ,Adventure,17,7.205882352941177
626,RO,Musical,425,6.410117647058824
627,XWG,Mystery,1282,6.128159126365054
628,CL,Biography,365,6.962739726027397
629,CM,Romance,15,6.546666666666667
630,IE,Music,310,7.069354838709679
631,IL,Western,62,6.780645161290322
632,ID,Biography,431,6.972853828306265
633,AL,Action,117,6.735897435897436
634,TW,Sport,409,6.560146699266505
635,LV,Documentary,244,7.415573770491804
636,DE,Fantasy,3246,5.69849044978435
637,NO,Animation,860,6.424767441860464
638,RS,War,513,6.949902534113061
639,BR,Unknown,261,6.075095785440612
640,HK,Romance,3203,6.164158601311271
641,CSHH,Music,69,6.550724637681158
642,LT,Comedy,3548,6.250901916572717
643,CL,History,248,6.802016129032259
644,VE,Unknown,36,6.230555555555554
645,EE,Sci-Fi,374,6.298395721925135
646,XAS,Thriller,55,6.023636363636363
647,GE,Fantasy,50,6.788
648,MK,Crime,34,6.802941176470587
649,NI,Documentary,7,7.442857142857143
650,MA,Horror,10,5.57
651,DK,Action,3337,6.041504345220257
652,GR,Comedy,17073,6.03703508463656
653,PT,Horror,2962,5.550405131667792
654,AT,Action,1718,6.168684516880092
655,AR,Musical,837,6.283393070489845
656,AU,Western,1286,6.003810264385694
657,UY,Animation,348,6.601724137931036
658,CH,Mystery,120,6.276666666666667
659,BD,Romance,273,6.689010989010988
660,SK,Film-Noir,18,7.605555555555558
661,BJ,Drama,36,6.816666666666666
662,BE,Adult,47,5.025531914893617
663,LV,Unknown,11,5.918181818181818
664,XKV,Drama,31,6.735483870967743
665,US,Biography,7692,6.930850234009361
666,FI,Animation,1164,6.557646048109967
667,TR,Mystery,2218,6.019161406672678
668,BE,Unknown,248,6.146370967741936
669,PH,Horror,3180,5.080911949685534
670,IS,Musical,20,6.705
671,GE,Adventure,125,6.8104000000000005
672,IS,Crime,117,6.576068376068376
673,TH,Documentary,178,7.1724719101123595
674,BY,Documentary,29,7.137931034482759
675,NL,History,714,6.726050420168068
676,HU,Action,6268,5.775047862156988
677,IT,Documentary,4288,7.069356343283582
678,DE,Family,3415,5.885768667642754
679,FI,Music,1390,6.578705035971223
680,PK,Adventure,114,6.386842105263157
681,TW,Musical,239,6.602092050209205
682,IE,Family,282,6.2258865248226956
683,KZ,Animation,298,6.738926174496645
684,GT,Adventure,18,6.616666666666666
685,IT,News,34,7.523529411764706
686,GB,Biography,5220,6.84641762452107
687,CO,Sci-Fi,276,6.085507246376813
688,SG,Family,666,6.213813813813814
689,AL,Animation,133,6.742105263157894
690,MK,History,15,7.353333333333334
691,MY,Fantasy,152,6.128947368421053
692,DO,Sci-Fi,11,6.5
693,FI,Crime,6452,6.289956602603848
694,SUHH,Thriller,1876,6.124413646055438
695,FR,Sport,913,6.342935377875137
696,CZ,War,316,6.930379746835443
697,UZ,Biography,118,7.511864406779661
698,AR,Adult,28,5.417857142857143
699,CR,Fantasy,16,6.6125
700,ID,Music,161,6.8919254658385105
701,MD,Mystery,13,5.976923076923077
702,NG,Crime,34,5.949999999999999
703,KG,Action,8,6.5
704,CA,Crime,14774,6.130452145661297
705,EC,Adventure,2638,6.176952236542834
706,IE,Sport,136,6.8875
707,PE,Western,86,6.55
708,CO,Crime,630,6.352380952380953
709,CH,Horror,132,5.465151515151517
710,LV,Romance,595,6.366554621848741
711,KH,Documentary,13,7.061538461538461
712,TR,Romance,5948,6.047158708809682
713,EE,Family,398,6.139949748743718
714,HR,Musical,129,6.64186046511628
715,KR,Musical,113,6.567256637168141
716,PA,Drama,287,6.839721254355401
717,LT,War,259,7.130115830115829
718,NZ,Music,209,7.08133971291866
719,EC,Film-Noir,214,6.942990654205607
720,AR,Unknown,342,6.073684210526316
721,AZ,Action,359,6.779944289693593
722,CO,Music,143,7.049650349650349
723,BO,History,10,6.63
724,CY,Drama,44,6.229545454545454
725,AT,Drama,7864,6.5416327568667345
726,BG,Family,1017,6.027138643067846
727,BE,Sport,144,6.41875
728,BY,War,17,6.2705882352941185
729,NL,Unknown,140,6.0807142857142855
730,DDDE,Sport,42,6.404761904761905
731,UZ,Sport,30,7.2366666666666655
732,MA,Documentary,32,7.25625
733,DK,Drama,15101,6.446314813588509
734,FR,War,2450,6.437551020408163
735,DE,Comedy,18440,5.9094468546637735
736,JP,Mystery,4822,5.997075902115303
737,SE,Musical,1273,6.201178318931656
738,CA,Sport,1762,6.4320658342792285
739,PL,Music,1335,6.603370786516854
740,PA,Horror,64,6.112500000000001
741,AE,Romance,1436,6.09115598885794
742,MY,Adventure,350,6.145714285714284
743,CM,Fantasy,6,6.966666666666666
744,LV,Biography,265,6.988679245283018
745,RO,Drama,11884,6.542064961292496
746,GR,Horror,5058,5.431158560695927
747,HR,Family,465,6.335268817204302
748,XYU,Crime,1144,6.63041958041958
749,ES,Thriller,9079,5.6182398942614835
750,CA,Biography,4562,6.86733888645331
751,PH,Drama,10678,6.264347256040461
752,PA,Sci-Fi,39,6.312820512820513
753,CSHH,Biography,114,7.0543859649122815
754,MX,Music,1184,6.60143581081081
755,NZ,Sport,119,6.851260504201681
756,LV,Sport,56,6.739285714285715
757,BY,Sci-Fi,24,6.629166666666666
758,US,Adventure,18442,5.891432599501134
759,AU,Romance,7986,6.173904332582022
760,HK,Adventure,2436,6.198440065681447
761,PT,Sport,552,6.322463768115942
762,SI,Comedy,2498,6.420336269015213
763,NL,Horror,1983,5.401210287443267
764,CN,Biography,1047,6.9473734479465135
765,VN,War,212,6.930660377358492
766,PS,Documentary,42,7.614285714285715
767,DO,Horror,15,5.113333333333333
768,US,News,506,7.2272727272727275
769,PK,Sport,8,6.1625000000000005
770,ME,Mystery,6,6.300000000000001
771,ES,War,2041,6.406957373836356
772,PT,Romance,6782,6.3067531701562975
773,FR,Horror,6927,5.239555363072034
774,GR,Animation,1265,6.496047430830039
775,BG,Crime,3446,6.284271619268718
776,HK,History,531,6.734839924670434
777,JO,Drama,21,7.409523809523808
778,XWW,News,68,7.350000000000001
779,ET,Drama,20,7.685
780,XYU,Drama,5120,6.6781640625
781,CSHH,Romance,489,6.710838445807771
782,IT,Thriller,7660,5.635535248041776
783,IE,Film-Noir,51,6.484313725490196
784,XWG,Biography,669,6.672944693572497
785,CZ,Film-Noir,59,7.369491525423729
786,BF,Drama,48,6.720833333333334
787,UZ,Action,764,6.672513089005235
788,HK,Documentary,654,7.097400611620796
789,TH,Mystery,709,6.267418899858956
790,AE,Animation,281,6.644839857651246
791,MA,Family,14,7.0928571428571425
792,DZ,Fantasy,12,6.25
793,US,Action,28133,5.684566167845588
794,SI,History,197,6.940101522842639
795,PR,Horror,21,5.690476190476191
796,NL,Sport,248,6.733064516129032
797,BE,Film-Noir,640,6.762500000000001
798,EE,History,190,6.934736842105263
799,CU,Animation,24,6.4875
800,JM,Horror,14,5.378571428571428
801,DZ,Mystery,13,6.415384615384616
802,RW,Drama,8,7.2749999999999995
803,IR,Drama,3563,5.956721863598092
804,ME,Adventure,10,6.4
805,SG,Biography,773,6.913712807244502
806,XKO,Drama,100,6.3180000000000005
807,MM,Horror,8,5.8875
808,BA,Biography,48,6.931250000000001
809,AL,Horror,28,5.710714285714286
810,KE,Drama,39,7.046153846153847
811,RU,Comedy,16337,5.895427557079024
812,PL,Horror,4627,5.302528636265397
813,AR,Western,748,6.235026737967915
814,NO,Documentary,1262,7.034469096671949
815,PL,Sport,850,6.3907058823529415
816,EE,Western,40,6.665000000000001
817,AU,Adult,99,5.374747474747475
818,TN,Adventure,34,6.923529411764705
819,TH,Music,115,6.8304347826086955
820,MA,Action,18,6.5055555555555555
821,DO,Mystery,8,6.3999999999999995
822,BA,History,31,6.816129032258065
823,LK,Animation,9,7.022222222222222
824,IT,Drama,31800,6.271698113207543
825,SK,Horror,534,5.895318352059924
826,VE,Biography,217,6.913824884792628
827,PE,Sci-Fi,425,6.102823529411764
828,UZ,Family,119,6.582352941176472
829,CR,Thriller,31,6.119354838709677
830,HU,Biography,1883,6.839511417950078
831,PL,Thriller,6406,5.673040899157039
832,GR,Mystery,3914,6.12079713847726
833,TR,Comedy,9231,5.8504820712815535
834,CN,Sport,301,6.571428571428571
835,NZ,War,185,6.548108108108108
836,DE,Musical,939,6.344515441959532
837,MX,Sci-Fi,1930,5.5106217616580295
838,IR,Crime,634,6.191640378548895
839,XYU,Sport,69,6.7623188405797094
840,AE,Thriller,1737,5.70777202072539
841,AE,Music,162,6.700617283950617
842,PK,Crime,81,6.525925925925926
843,CN,Sci-Fi,736,5.960190217391306
844,BG,Sport,297,6.398653198653199
845,SA,Thriller,34,5.617647058823529
846,DZ,Horror,6,5.766666666666667
847,BD,Sci-Fi,24,6.541666666666668
848,FR,Romance,10685,6.234843238184371
849,JM,Crime,35,6.351428571428571
850,ID,Romance,1637,6.290531459987783
851,SI,Family,373,6.399195710455764
852,ZA,Action,2958,5.875016903313049
853,RS,Music,327,6.794189602446482
854,XYU,Adult,18,6.038888888888888
855,MD,Comedy,47,6.240425531914894
856,ZA,News,6,7.433333333333334
857,ES,Animation,2624,6.4022865853658555
858,EE,Comedy,1936,6.281869834710744
859,FI,Action,5794,5.941853641698307
860,DK,Sci-Fi,682,5.98841642228739
861,GR,Crime,9685,6.164811564274656
862,EE,Action,1326,6.289592760180997
863,KP,Adventure,11,6.345454545454545
864,ZA,Romance,2061,6.086123241145075
865,XEU,Sci-Fi,50,5.61
866,BA,War,30,6.94
867,BA,Crime,100,6.226000000000002
868,AM,Animation,27,6.71111111111111
869,SY,Adventure,6,6.383333333333333
870,AR,Romance,4843,6.371236836671484
871,SK,Action,1655,6.3643504531722055
872,CA,Thriller,15044,5.564331294868386
873,AR,Film-Noir,368,6.774456521739131
874,GR,Biography,2475,6.850828282828281
875,PE,Action,1592,6.203140703517588
876,AE,Mystery,867,6.041522491349481
877,AE,Musical,78,6.5666666666666655
878,SN,Documentary,16,7.2375
879,MY,Musical,51,6.749019607843138
880,CR,Biography,13,7.038461538461538
881,TN,History,32,7.76875
882,EC,Romance,3350,6.333731343283581
883,PT,Mystery,2672,6.126459580838323
884,VE,Thriller,575,6.067652173913045
885,SI,Adventure,1246,6.501123595505618
886,HR,War,333,7.001501501501502
887,TR,Animation,1132,6.117756183745583
888,IN,Western,420,6.111428571428572
889,CSHH,Western,95,6.537894736842105
890,EG,Unknown,290,5.575862068965518
891,TR,Sport,395,6.462025316455696
892,US,Adult,5229,5.602008032128512
893,NL,Adult,185,5.543783783783783
894,IR,Sport,57,6.421052631578948
895,AZ,Family,96,6.550000000000001
896,ID,Animation,458,6.702183406113537
897,TM,Drama,28,6.167857142857143
898,JM,Musical,17,6.352941176470588
899,AM,Crime,28,6.753571428571428
900,DK,Biography,1163,6.856663800515907
901,IT,Mystery,4143,5.931692010620322
902,UY,Comedy,1910,6.50198952879581
903,VN,Adventure,1981,6.308884401817262
904,BG,Musical,314,6.5802547770700635
905,IE,Mystery,502,6.201593625498006
906,IL,Documentary,995,7.299095477386936
907,DDDE,Biography,146,6.778767123287671
908,BG,Documentary,479,7.380167014613779
909,DDDE,Mystery,128,6.492187499999999
910,CSHH,Sport,32,6.509375
911,AZ,Sci-Fi,128,6.9953125
912,EG,Family,257,6.271206225680934
913,EE,Sport,81,6.534567901234567
914,LK,Action,48,6.414583333333333
915,IR,Unknown,423,4.432860520094562
916,MK,Comedy,106,6.666037735849056
917,MK,Thriller,46,6.252173913043477
918,TN,Thriller,32,6.89375
919,JO,Family,6,7.966666666666666
920,PK,Fantasy,28,6.174999999999999
921,DK,Fantasy,938,6.307675906183367
922,HU,Western,763,6.222804718217562
923,CN,Adventure,2694,6.26421677802524
924,IN,War,872,6.630848623853212
925,RO,Western,1152,6.198611111111113
926,EE,Thriller,749,6.2712950600801065
927,BD,Family,148,7.101351351351352
928,BF,Documentary,6,7.25
929,XAS,History,18,7.0055555555555555
930,BD,History,45,7.362222222222223
931,KH,Drama,31,6.741935483870968
932,PL,Biography,2601,6.812226066897346
933,RU,War,1315,6.4562737642585555
934,CSHH,Animation,134,7.072388059701492
935,CA,History,3428,6.7450991831971985
936,BG,Film-Noir,107,7.2897196261682256
937,XWG,Crime,4499,6.099844409868864
938,KR,Mystery,1066,6.0704502814258925
939,CN,History,924,6.741017316017316
940,IL,Mystery,838,6.320644391408116
941,DK,Animation,835,6.3582035928143705
942,CA,Unknown,461,6.372234273318871
943,LV,Crime,610,6.462131147540982
944,MX,Adult,15,5.066666666666666
945,PA,Adventure,67,6.832835820895522
946,AL,Unknown,18,7.338888888888889
947,TZ,Drama,17,7.341176470588235
948,XWW,Animation,2778,6.498596112311013
949,TW,Adventure,3184,6.228674623115576
950,GB,Music,4126,6.697697527872036
951,CL,Adventure,1106,6.3704339963833645
952,YUCS,Musical,12,6.158333333333334
953,XWG,History,819,6.562637362637361
954,BD,War,52,7.569230769230769
955,PE,Film-Noir,27,7.066666666666667
956,IL,Biography,690,7.072463768115942
957,EG,History,266,6.824436090225563
958,XKO,Family,9,6.544444444444445
959,HT,Documentary,11,7.7272727272727275
960,PT,History,1452,6.659848484848485
961,TR,Fantasy,1488,5.8901881720430085
962,FR,Western,2064,5.959932170542635
963,IN,Romance,13439,6.229578093608156
964,SUHH,Sport,297,6.237373737373737
965,XYU,History,356,6.613483146067415
966,AU,Sport,1090,6.512477064220183
967,SE,Sci-Fi,1556,5.671658097686375
968,AZ,Crime,173,6.924277456647399
969,UZ,Musical,23,6.834782608695652
970,US,Fantasy,8343,5.774361740381157
971,HR,Mystery,839,6.440524433849823
972,FI,Western,1580,6.153860759493671
973,XEU,Crime,306,6.0630718954248355
974,MX,Film-Noir,602,6.6151162790697695
975,DDDE,Romance,614,6.685179153094462
976,IT,Adult,776,5.400128865979381
977,XSA,Crime,11,5.872727272727274
978,GE,Thriller,72,6.859722222222222
979,IS,Documentary,156,7.439743589743591
980,SE,Comedy,13374,6.04364438462689
981,US,Sport,3274,6.552443494196701
982,SK,Drama,3614,6.826591034864412
983,AU,Adventure,5808,5.917820247933885
984,TR,Action,5354,5.831116921927528
985,IN,Family,4004,6.539535464535466
986,UA,Music,389,6.5989717223650395
987,IR,History,157,6.4885350318471335
988,VE,Documentary,188,6.922872340425532
989,GE,Sport,9,6.544444444444443
990,PK,Musical,120,6.027500000000001
991,LB,Thriller,19,6.884210526315789
992,BJ,Comedy,25,6.572
993,FR,News,40,7.352500000000001
994,NO,Drama,10492,6.497026305756768
995,FI,Sci-Fi,1538,5.892587776332902
996,BR,Sport,1010,6.2844554455445545
997,RS,Documentary,640,7.41296875
998,CSHH,Mystery,159,6.737735849056605
999,PK,Drama,315,6.711111111111111
1000,CH,Biography,189,6.967195767195767
1001,HK,Musical,279,6.4060931899641576
1002,VN,Music,239,6.639330543933055
1003,MZ,Adventure,18,6.5055555555555555
1004,NG,History,10,6.4799999999999995
1005,TT,Drama,18,6.611111111111112
1006,US,Crime,24511,5.997968259148947
1007,XYU,War,728,6.7651098901098905
1008,XYU,Comedy,2160,6.574398148148149
1009,BR,Mystery,4584,5.955519197207678
1010,AU,Musical,985,6.3464974619289345
1011,JP,Musical,1374,6.372489082969433
1012,IN,Horror,7790,5.236739409499358
1013,UZ,Comedy,575,6.691478260869566
1014,PH,Film-Noir,15,6.686666666666667
1015,KZ,Music,45,6.94888888888889
1016,BR,Adult,236,5.5690677966101685
1017,XWG,Adult,599,5.4440734557596
1018,UZ,Sci-Fi,258,6.739147286821707
1019,AT,News,9,6.7555555555555555
1020,UA,Crime,2817,6.406070287539934
1021,DE,History,2412,6.684162520729685
1022,IL,Romance,1594,6.429171894604769
1023,RU,Fantasy,2740,5.77448905109489
1024,HK,Comedy,6332,6.0114497789008245
1025,SUHH,Film-Noir,524,6.802862595419848
1026,FR,Music,1822,6.555378704720088
1027,BE,Thriller,1089,6.267768595041321
1028,VE,Music,114,6.485964912280702
1029,ZA,Drama,6814,6.27770766069856
1030,XWG,Music,594,6.275252525252525
1031,BD,Action,281,6.210676156583631
1032,TH,Fantasy,567,6.1197530864197525
1033,EE,Horror,401,5.826683291770574
1034,AE,History,255,6.774901960784313
1035,BA,Fantasy,95,6.061052631578948
1036,SN,History,6,7.183333333333333
1037,JP,War,2149,6.550907398790135
1038,CZ,Romance,1662,6.4451865222623335
1039,AT,War,555,6.618738738738739
1040,SI,Documentary,231,7.2969696969696995
1041,CSHH,Fantasy,335,6.625671641791046
1042,NL,Mystery,1516,6.136609498680739
1043,ZA,Music,361,6.500554016620497
1044,DDDE,Western,65,6.066153846153846
1045,ME,Crime,6,6.666666666666667
1046,AZ,Sport,23,6.930434782608694
1047,NO,Adult,12,5.066666666666667
1048,HU,Romance,7634,6.3423238145140175
1049,AT,Western,967,6.239607032057912
1050,JP,Family,2665,6.3084052532833015
1051,DE,Animation,2273,6.3618125824901
1052,FR,Animation,2228,6.438689407540394
1053,RO,Crime,3819,6.374705420267086
1054,AU,War,1358,6.455449189985273
1055,AU,Sci-Fi,2803,5.24430966821263
1056,KR,Film-Noir,29,7.293103448275862
1057,GE,Music,10,6.919999999999999
1058,CH,History,137,7.005839416058394
1059,CH,Family,162,6.467283950617283
1060,AZ,Horror,97,6.0938144329896895
1061,XAS,Adventure,169,6.272189349112427
1062,MC,Drama,33,6.636363636363637
1063,BA,Animation,54,6.53888888888889
1064,DO,Documentary,41,7.743902439024391
1065,MY,Horror,427,5.554566744730678
1066,XKO,Thriller,14,6.492857142857143
1067,CA,War,2586,6.495591647331787
1068,NZ,Comedy,1802,6.304439511653717
1069,PH,History,534,6.704681647940075
1070,TW,Family,964,6.2681535269709565
1071,PR,Action,52,6.1326923076923086
1072,IR,Documentary,343,6.637900874635568
1073,IS,Thriller,90,6.196666666666667
1074,CL,Animation,453,6.475055187637969
1075,KZ,Biography,104,7.428846153846153
1076,PT,Western,1483,6.09689817936615
1077,CSHH,Action,399,6.507268170426067
1078,ZA,War,294,6.438775510204081
1079,PY,Crime,12,6.341666666666668
1080,UZ,Thriller,313,6.645367412140575
1081,LB,Drama,189,6.649206349206349
1082,EG,Animation,336,6.783333333333334
1083,GE,Family,28,6.407142857142857
1084,PK,Unknown,128,4.9765625
1085,MK,Mystery,19,6.363157894736842
1086,NP,Unknown,25,8.024
1087,CZ,News,17,7.164705882352941
1088,SE,Biography,2014,6.826017874875868
1089,BR,Crime,9723,6.111549933148211
1090,CA,Mystery,7834,5.842596374776611
1091,SUHH,Action,2758,6.095395213923132
1092,XYU,Film-Noir,191,7.025130890052356
1093,AU,Fantasy,2663,5.721779947427711
1094,IR,War,303,5.935973597359736
1095,AE,Crime,1436,6.368175487465182
1096,JP,Reality-TV,12,6.483333333333334
1097,AO,Documentary,11,7.1090909090909085
1098,SE,News,34,7.202941176470588
1099,CA,Adventure,10626,5.957519292301904
1100,RO,Unknown,57,6.457894736842104
1101,NO,War,884,6.6229638009049765
1102,NL,Sci-Fi,948,5.7779535864978895
1103,ZA,Thriller,2360,5.587796610169491
1104,YUCS,History,11,6.672727272727272
1105,MD,Crime,18,6.0888888888888895
1106,BA,Adventure,142,6.4309859154929585
1107,KZ,Musical,25,6.743999999999999
1108,RS,Adventure,2265,6.299779249448123
1109,CA,Horror,13716,5.07960046660834
1110,AR,Family,1313,6.166641279512567
1111,GR,Thriller,6914,5.823459647092857
1112,KR,Music,278,7.002158273381295
1113,BY,Family,41,6.521951219512195
1114,XSA,Comedy,35,6.491428571428571
1115,KH,Action,7,6.514285714285714
1116,CH,Sport,32,6.93125
1117,FR,Thriller,8681,5.626091464117035
1118,HU,Animation,1343,6.417795979151155
1119,EE,Drama,2805,6.710944741532976
1120,CN,Romance,3674,6.304518236254761
1121,RO,Adventure,3360,6.19785714285714
1122,DK,Documentary,1618,7.054758961681087
1123,SI,Thriller,823,6.5571081409477525
1124,AE,Comedy,2276,6.060193321616871
1125,PE,Adventure,1417,6.248764996471417
1126,UZ,Crime,300,6.947
1127,EE,Biography,322,7.0555900621118
1128,IL,Unknown,8,5.250000000000001
1129,JM,Family,19,5.931578947368421
1130,DE,Thriller,9542,5.395881366589815
1131,ES,Music,1701,6.577777777777777
1132,BD,Comedy,174,6.45632183908046
1133,IN,Biography,2467,7.037170652614509
1134,LK,Fantasy,18,6.483333333333333
1135,ES,Biography,3017,6.778919456413655
1136,PL,Drama,32558,6.398528779409047
1137,UA,Fantasy,1203,6.107813798836243
1138,CN,Drama,12595,6.53764192139738
1139,GR,Action,9455,5.7406451612903275
1140,HR,Biography,579,7.051468048359241
1141,RU,Film-Noir,34,7.052941176470589
1142,CH,Western,28,6.232142857142856
1143,DDDE,Action,276,6.382971014492755
1144,KR,Western,72,6.2763888888888895
1145,AL,Documentary,25,6.892
1146,XSA,Horror,15,5.166666666666667
1147,LU,Music,16,6.9125000000000005
1148,TJ,Action,7,7.1000000000000005
1149,RU,Romance,7761,6.141721427651076
1150,MX,Drama,20307,6.368587186684395
1151,JP,Western,1467,6.160736196319021
1152,RS,Biography,793,7.06153846153846
1153,NZ,Sci-Fi,228,6.177631578947368
1154,PE,Unknown,21,6.480952380952381
1155,XEU,Biography,93,6.935483870967741
1156,SY,Romance,9,6.611111111111111
1157,LU,Biography,28,7.017857142857144
1158,HT,Drama,14,6.714285714285714
1159,CR,Horror,22,5.50909090909091
1160,CR,Sci-Fi,9,6.211111111111111
1161,CN,News,16,7.3812500000000005
1162,LK,Biography,9,7.6000000000000005
1163,BG,Romance,3393,6.373651635720602
1164,GB,Comedy,35871,5.899498201890101
1165,CA,Animation,3040,6.458388157894737
1166,BR,Thriller,7539,5.609351372861123
1167,EC,Horror,2491,5.516740264953833
1168,JM,Mystery,13,6.323076923076924
1169,AE,Drama,4853,6.298681228106325
1170,LT,Mystery,896,6.420200892857144
1171,GT,Drama,55,6.545454545454546
1172,BO,Fantasy,14,6.292857142857143
1173,MA,Adventure,30,6.473333333333333
1174,BR,News,36,7.247222222222222
1175,GR,Fantasy,2574,5.969347319347318
1176,IT,Film-Noir,639,6.679342723004695
1177,IN,Musical,1871,6.530358097274187
1178,RO,Music,391,6.661636828644501
1179,XWG,Fantasy,915,5.934644808743168
1180,CH,Action,268,6.148134328358208
1181,DDDE,Unknown,150,5.929999999999999
1182,GE,Drama,393,7.074554707379136
1183,PE,Family,388,6.131185567010308
1184,GE,History,24,7.283333333333332
1185,MK,Adventure,80,6.72375
1186,DZ,Action,30,6.456666666666666
1187,CY,Documentary,16,7.125
1188,XWW,Drama,42048,6.320578862252654
1189,FR,Adventure,8388,5.85052455889366
1190,RS,Fantasy,990,6.0710101010101
1191,IE,Romance,932,6.372424892703864
1192,AT,Film-Noir,373,6.868096514745309
1193,FI,Unknown,242,5.982644628099174
1194,EC,History,595,6.901680672268908
1195,PE,History,201,6.914925373134329
1196,CM,Musical,6,7.283333333333332
1197,MX,Crime,5818,6.226349260914405
1198,IR,Comedy,1273,5.480675569520817
1199,NL,Western,470,6.245957446808509
1200,XWW,Mystery,3167,5.989548468582255
1201,TR,Music,777,6.350836550836549
1202,UA,Unknown,36,6.530555555555556
1203,DO,Action,69,6.442028985507246
1204,CN,Crime,2795,6.412558139534882
1205,CU,Adventure,42,6.340476190476189
1206,KG,Animation,17,6.8999999999999995
1207,HN,Comedy,8,7.0
1208,SUHH,Western,772,6.341839378238344
1209,AR,Action,4243,6.001791185481967
1210,PT,Animation,1088,6.387224264705882
1211,EG,Adventure,1115,6.392914798206278
1212,VE,Mystery,350,6.267714285714285
1213,JP,Sci-Fi,3398,5.504532077692761
1214,PH,Animation,796,6.590201005025126
1215,XWW,Family,3081,6.1716325868224615
1216,BO,Crime,18,6.45
1217,HK,Family,448,6.397991071428572
1218,CM,Adventure,30,6.666666666666667
1219,NG,Fantasy,37,6.218918918918919
1220,JM,Documentary,14,7.135714285714286
1221,AL,Sci-Fi,30,6.95
1222,IL,News,10,6.92
1223,RS,Crime,2377,6.5037862852334865
1224,SK,History,265,6.9766037735849045
1225,BY,Comedy,149,6.315436241610739
1226,SK,Documentary,198,7.393434343434344
1227,TH,Thriller,1291,5.994113090627421
1228,KZ,Action,763,6.689384010484928
1229,IR,Family,332,6.017168674698795
1230,NG,Animation,78,6.47948717948718
1231,TM,Crime,8,6.05
1232,KE,Romance,12,6.933333333333334
1233,PA,Documentary,41,7.109756097560975
1234,KW,Comedy,16,5.3125
1235,XWG,Adventure,3483,5.812690209589437
1236,NO,Musical,427,6.256206088992974
1237,AR,History,1096,6.779835766423358
1238,CZ,Sci-Fi,750,5.926133333333333
1239,CL,Crime,771,6.528793774319066
1240,CU,Musical,14,6.657142857142857
1241,CH,Documentary,896,7.131808035714284
1242,GE,Action,135,6.562962962962964
1243,XEU,History,97,6.860824742268041
1244,MN,Biography,7,6.742857142857143
1245,MD,Animation,16,6.493749999999999
1246,CY,Action,8,6.1125
1247,DK,Unknown,317,6.0271293375394315
1248,GB,Romance,17684,6.106440850486321
1249,GB,Animation,3335,6.327406296851574
1250,AT,Musical,582,6.276632302405497
1251,ZA,Adventure,1970,6.13258883248731
1252,EC,Western,386,6.37020725388601
1253,CU,Horror,27,6.322222222222223
1254,NZ,Western,170,6.053529411764705
1255,PE,Adult,29,5.327586206896552
1256,AL,Drama,353,6.964872521246459
1257,MA,History,15,7.446666666666666
1258,CU,Unknown,21,6.314285714285715
1259,LU,Musical,8,6.8374999999999995
1260,AU,Reality-TV,12,6.233333333333333
1261,LK,Mystery,12,6.558333333333334
1262,KW,Drama,14,6.742857142857143
1263,GB,Crime,16526,5.984460849570372
1264,CH,Romance,371,6.47008086253369
1265,UY,Drama,3480,6.844626436781609
1266,SUHH,Documentary,512,7.017578125000001
1267,CL,Mystery,483,6.163354037267082
1268,TW,Crime,3422,6.365663354763294
1269,CO,Comedy,1442,6.1558252427184454
1270,CL,Horror,610,5.567868852459017
1271,IR,Sci-Fi,121,5.951239669421488
1272,BY,Adventure,107,6.52803738317757
1273,HR,Unknown,22,6.9818181818181815
1274,NG,War,6,6.516666666666667
1275,BG,Fantasy,1105,6.094027149321267
1276,CN,Action,4229,6.1543390872546695
1277,MY,Drama,931,6.62577873254565
1278,NZ,Adventure,1023,6.350439882697947
1279,RU,Unknown,255,6.045882352941177
1280,AZ,Romance,131,6.8877862595419845
1281,ID,Drama,5394,6.386318131256953
1282,ID,War,148,6.557432432432433
1283,MX,Sport,538,6.477881040892192
1284,AZ,Adventure,426,6.773943661971832
1285,IS,Sport,8,7.2375
1286,PL,Animation,1563,6.390275111964171
1287,EC,Documentary,825,7.143393939393941
1288,LT,Musical,104,6.736538461538462
1289,GH,Drama,42,7.404761904761905
1290,MK,Music,9,6.522222222222222
1291,BY,Mystery,18,6.422222222222222
1292,GL,Comedy,12,6.033333333333334
1293,US,War,4841,6.380603181160915
1294,GB,Action,17857,5.614095312762505
1295,CSHH,History,192,6.691145833333334
1296,IL,Crime,1437,6.526861517049407
1297,YUCS,Comedy,110,6.6009090909090915
1298,BR,Sci-Fi,2616,5.378822629969419
1299,IE,Horror,660,5.6825757575757585
1300,IR,Film-Noir,31,7.316129032258065
1301,LV,Thriller,524,6.35496183206107
1302,AL,Biography,7,7.214285714285714
1303,MX,News,11,7.454545454545454
1304,SL,Documentary,6,8.066666666666668
1305,GB,Drama,67716,6.180871581310182
1306,SE,Adventure,5361,6.025275135235963
1307,PT,War,1392,6.477801724137931
1308,AZ,Comedy,463,6.614470842332612
1309,PE,Sport,101,6.512871287128713
1310,SA,Documentary,13,7.307692307692308
1311,PY,Romance,14,5.778571428571429
1312,LB,War,25,7.028
1313,BD,Biography,23,6.2
1314,GR,Romance,9713,6.247637187274785
1315,PL,Fantasy,2642,5.969568508705527
1316,SUHH,Fantasy,1152,6.212413194444444
1317,CZ,Horror,1032,5.728585271317831
1318,KR,Action,2363,6.116208209902664
1319,UY,Sci-Fi,382,6.3926701570680615
1320,DDDE,Music,69,6.513043478260869
1321,MX,Unknown,132,6.083333333333333
1322,LV,Fantasy,344,6.219767441860465
1323,PE,Documentary,145,6.9751724137931035
1324,KR,Unknown,83,5.257831325301205
1325,TH,Unknown,18,6.322222222222223
1326,LB,Comedy,93,6.325806451612903
1327,FI,Drama,22486,6.441123365649738
1328,US,History,6293,6.793611949785475
1329,RU,Drama,28679,6.262010530353216
1330,BE,Drama,9042,6.416887856668876
1331,TR,Thriller,4073,5.726319666093788
1332,PE,Comedy,2097,6.187601335240819
1333,SI,War,211,6.935545023696683
1334,ZA,Animation,509,6.642436149312378
1335,PH,Sport,296,6.512162162162163
1336,AE,Sport,126,6.746031746031746
1337,CZ,Unknown,42,5.985714285714285
1338,PY,Action,18,6.2
1339,UG,Drama,18,7.694444444444445
1340,AR,Comedy,9111,6.172516738009004
1341,TW,Comedy,6910,6.21740955137482
1342,AT,Sport,190,6.6284210526315785
1343,UA,Thriller,2405,6.039209979209979
1344,CO,Horror,606,5.482178217821783
1345,CL,Drama,3050,6.619245901639346
1346,GR,Sport,811,6.349815043156597
1347,PA,Mystery,63,6.571428571428572
1348,TW,Fantasy,1556,6.060154241645246
1349,PR,Musical,10,6.739999999999999
1350,LU,Unknown,7,4.914285714285714
1351,TN,Crime,30,6.680000000000001
1352,AT,History,673,6.628380386329867
1353,JM,Adventure,87,6.2011494252873565
1354,IT,Sport,861,6.359001161440187
1355,GR,Music,1586,6.612105926860025
1356,IN,Crime,9989,6.264581039143061
1357,KR,Adventure,1135,6.437268722466961
1358,IN,Fantasy,3380,5.987958579881657
1359,YUCS,Thriller,17,6.564705882352942
1360,NZ,History,289,6.915916955017301
1361,ID,Fantasy,657,5.9646879756468785
1362,SK,Sport,98,6.746938775510205
1363,PR,Animation,31,6.735483870967742
1364,XAS,Sport,6,7.083333333333333
1365,MY,History,48,7.027083333333334
1366,DZ,Documentary,81,7.586419753086418
1367,IQ,History,9,6.677777777777777
1368,CA,Documentary,9527,7.182628319512967
1369,UZ,Adventure,647,6.789335394126737
1370,XWG,Musical,715,6.062797202797202
1371,BD,Adventure,140,6.486428571428571
1372,BA,Documentary,65,7.064615384615385
1373,CN,Adult,73,5.646575342465752
1374,SA,Horror,20,5.74
1375,CU,History,24,7.066666666666667
1376,NL,Drama,10016,6.431349840255594
1377,FI,History,1842,6.8052660152008695
1378,GB,Unknown,1409,6.264229950319375
1379,BE,Music,488,6.340573770491803
1380,EC,Biography,868,6.955990783410138
1381,HR,Sport,166,6.695783132530121
1382,SV,Drama,35,6.757142857142857
1383,ID,Western,46,5.82391304347826
1384,EE,Romance,825,6.527272727272729
1385,CA,Fantasy,4904,5.802814029363782
1386,SUHH,Crime,3560,6.389466292134834
1387,SUHH,Horror,2348,5.492248722316864
1388,UY,Romance,1022,6.72495107632094
1389,MX,Adventure,5312,6.021460843373492
1390,LV,Family,365,6.018356164383563
1391,AE,Family,323,6.150773993808049
1392,PK,Documentary,36,7.258333333333332
1393,AU,News,63,7.314285714285713
1394,DK,News,17,7.094117647058823
1395,IL,Drama,5800,6.654793103448271
1396,HK,Fantasy,1453,6.011424638678598
1397,SUHH,Unknown,393,5.953944020356233
1398,VE,Adventure,857,6.199416569428237
1399,PT,Thriller,4212,5.861324786324785
1400,UY,Documentary,317,7.1640378548895916
1401,PY,Drama,54,6.35925925925926
1402,BA,Drama,466,6.522103004291845
1403,VN,Documentary,206,7.270388349514564
1404,BG,Horror,1516,5.677308707124011
1405,BR,Film-Noir,805,6.597018633540373
1406,IR,Mystery,294,6.160204081632653
1407,NZ,Thriller,652,6.160276073619632
1408,CO,Biography,282,6.928723404255321
1409,PK,Horror,39,5.702564102564102
1410,BY,Action,59,6.2813559322033905
1411,CSXX,Drama,7,6.457142857142857
1412,DZ,Thriller,21,6.623809523809523
1413,RO,War,1077,6.633426183844014
1414,EC,Thriller,2800,5.863678571428571
1415,RS,Action,2889,6.173866389754237
1416,RO,Romance,3349,6.425082114063901
1417,XWW,History,2688,6.680171130952381
1418,NL,Documentary,1872,7.131036324786322
1419,EC,War,498,6.761847389558233
1420,TR,Biography,1356,6.812831858407079
1421,SG,Horror,2614,5.153787299158378
1422,BE,Family,741,6.332118758434548
1423,CU,War,13,7.0307692307692315
1424,ES,Drama,36078,6.281151948555895
1425,ES,Adventure,8677,5.909888210210904
1426,GB,Sport,2260,6.499646017699115
1427,FI,Thriller,4236,6.046482530689327
1428,PT,Film-Noir,557,6.710951526032316
1429,CO,Mystery,395,6.00126582278481
1430,VE,Musical,158,6.268354430379747
1431,SK,Musical,59,6.677966101694916
1432,AU,Animation,1770,6.340734463276837
1433,BD,Musical,39,6.746153846153847
1434,TW,Western,127,6.769291338582677
1435,GE,Animation,48,6.9125000000000005
1436,AL,Comedy,197,6.690862944162436
1437,YUCS,War,20,6.970000000000001
1438,XWW,Crime,7944,6.147633434038268
1439,AU,Comedy,16111,5.928291229594689
1440,BR,Western,3405,5.99377386196769
1441,DE,Western,981,5.833333333333332
1442,ES,Sport,995,6.325226130653267
1443,IE,Drama,4207,6.553719990492039
1444,CU,Mystery,17,6.647058823529412
1445,EG,Sci-Fi,440,6.186136363636363
1446,LB,Biography,12,7.791666666666665
1447,SY,Drama,65,6.659999999999999
1448,LB,Family,15,6.853333333333334
1449,XPI,Drama,12,6.266666666666667
1450,MM,Romance,7,8.257142857142856
1451,JP,News,40,7.285000000000001
1452,BR,Romance,10914,6.235669781931463
1453,IT,Adventure,6991,5.908882849377772
1454,ES,Horror,7268,5.2323885525591605
1455,JP,Sport,1158,6.483765112262521
1456,MX,Biography,1589,6.83763373190686
1457,LV,Sci-Fi,306,6.363725490196079
1458,AL,Family,105,6.800952380952381
1459,BD,Fantasy,43,6.3023255813953485
1460,AU,History,1967,6.739196746314184
1461,DE,Drama,33833,6.22012532143173
1462,DE,Crime,8629,6.022192606327502
1463,AT,Adventure,2065,6.182033898305084
1464,HR,Drama,5192,6.798632511556238
1465,CH,Crime,277,6.3740072202166065
1466,VE,Family,196,6.203061224489795
1467,HU,Sci-Fi,1591,5.650534255185419
1468,NG,Romance,103,6.33398058252427
1469,IN,Sci-Fi,2763,5.675895765472312
1470,VN,Horror,1451,5.473811164713991
1471,TM,Action,9,6.2333333333333325
1472,DO,Family,11,6.327272727272727
1473,XWW,Unknown,1727,5.910538506079907
1474,TW,Romance,3771,6.35924158048263
1475,JP,Fantasy,3877,6.021305132834668
1476,JP,Thriller,8808,5.708605812897368
1477,UY,History,255,7.0149019607843135
1478,NO,Thriller,2089,6.004021062709429
1479,AU,Music,1798,6.68893214682981
1480,UZ,War,44,7.5159090909090915
1481,LT,Animation,585,6.446324786324786
1482,AL,Thriller,59,6.130508474576271
1483,MD,Adventure,33,6.412121212121212
1484,FI,Biography,2221,6.8529040972534885
1485,FI,Romance,6925,6.372433212996393
1486,SE,Horror,3337,5.472070722205575
1487,SE,Fantasy,1833,6.027168576104747
1488,AT,Mystery,808,6.4649752475247535
1489,HR,Romance,1613,6.575077495350277
1490,XWW,Music,1290,6.639767441860463
1491,PA,Comedy,93,6.5569892473118285
1492,EC,Sci-Fi,1077,5.744196843082636
1493,BY,Crime,38,6.731578947368421
1494,MK,Romance,49,6.802040816326531
1495,GE,Sci-Fi,51,6.9686274509803905
1496,RU,Crime,7345,6.046725663716813
1497,NO,Family,1349,6.130541141586362
1498,NZ,Drama,3296,6.577245145631065
1499,UY,Mystery,475,6.522947368421054
1500,LT,Music,257,6.7424124513618695
1501,ZA,History,405,6.71432098765432
1502,CO,Family,228,6.149561403508772
1503,XKO,Crime,20,6.119999999999999
1504,LB,Unknown,13,7.138461538461538
1505,MY,Unknown,8,6.625
1506,RO,Fantasy,985,6.190659898477157
1507,AU,Family,2482,5.959508460918612
1508,SK,Fantasy,535,6.356074766355139
1509,CZ,Animation,583,6.524356775300171
1510,CU,Family,18,6.233333333333333
1511,YUCS,Mystery,10,6.7700000000000005
1512,UZ,Fantasy,173,6.735838150289017
1513,BO,Unknown,8,6.65
1514,BY,Thriller,29,6.320689655172413
1515,LV,Music,115,6.910434782608695
1516,XEU,Unknown,39,6.117948717948718
1517,BD,Thriller,92,6.434782608695652
1518,XKV,Crime,6,6.183333333333333
1519,XYU,Fantasy,215,6.672558139534884
1520,JP,Animation,3903,6.673763771457852
1521,JM,Comedy,95,6.258947368421052
1522,TW,Film-Noir,41,7.673170731707316
1523,PR,Mystery,15,5.866666666666668
1524,SN,Comedy,31,6.516129032258063
1525,GH,Comedy,19,7.157894736842105
1526,CR,Comedy,59,5.911864406779661
1527,DZ,Crime,30,7.02
1528,IE,News,11,7.327272727272727
1529,ES,Reality-TV,13,6.8076923076923075
1530,DO,History,25,6.736000000000001
1531,RU,Biography,2519,6.81683207622072
1532,GR,Adventure,7774,5.950064316953951
1533,XYU,Action,740,6.3175675675675675
1534,CA,Action,16056,5.736740159441964
1535,US,Animation,5117,6.380222786789134
1536,MX,Action,6133,5.910826675362792
1537,SI,Music,201,6.72039800995025
1538,SG,History,493,6.748275862068966
1539,XEU,Animation,186,6.345698924731184
1540,XKO,Mystery,13,6.361538461538462
1541,TH,Animation,404,6.892079207920793
1542,NG,Family,20,6.38
1543,MD,Drama,74,6.552702702702704
1544,LK,Romance,67,6.929850746268657
1545,PT,Action,6062,5.813460903992081
1546,FR,Documentary,6497,7.050484839156537
1547,SUHH,Mystery,1453,6.265588437715073
1548,CN,Thriller,2440,5.969672131147541
1549,GR,Documentary,3968,7.223790322580646
1550,HU,Documentary,2081,7.192695819317636
1551,BR,Documentary,3628,7.183599779492833
1552,CZ,Fantasy,822,6.109975669099756
1553,VN,Crime,1833,6.389852700490999
1554,CH,Film-Noir,8,7.7625
1555,RS,Sci-Fi,919,6.020457018498367
1556,LV,Western,20,6.585000000000001
1557,XEU,Documentary,326,7.098159509202454
1558,ML,Drama,16,6.73125
1559,YUCS,Biography,7,6.714285714285714
1560,UZ,Mystery,163,6.780368098159509
1561,SV,Animation,9,6.277777777777778
1562,AL,Mystery,34,6.202941176470588
1563,DZ,Animation,46,6.391304347826087
1564,BT,Drama,14,7.285714285714286
1565,MA,Unknown,8,7.262499999999999
1566,BA,Family,48,6.266666666666667
1567,FR,Biography,2960,6.778006756756754
1568,UY,Crime,905,6.740220994475139
1569,CU,Drama,270,6.761851851851852
1570,NZ,Biography,480,7.077708333333334
1571,ID,Adventure,1253,6.259058260175579
1572,XWG,Animation,283,6.82720848056537
1573,AZ,Animation,172,6.784883720930231
1574,CR,Action,44,6.293181818181819
1575,VE,Adult,150,6.0086666666666675
1576,ID,Family,351,6.366666666666666
1577,CL,Unknown,35,6.154285714285715
1578,KP,Drama,60,5.783333333333333
1579,TN,Comedy,66,7.010606060606062
1580,CY,Crime,8,5.85
1581,MN,Crime,19,6.452631578947368
1582,IT,Romance,8845,6.2135669869983055
1583,HU,Music,1192,6.546140939597316
1584,BE,Fantasy,532,6.18890977443609
1585,CL,Comedy,1656,6.306823671497585
1586,PH,Biography,852,6.864084507042254
1587,XWG,Documentary,673,6.894353640416048
1588,TH,Crime,1052,6.483935361216729
1589,SG,Sci-Fi,933,5.5994640943194
1590,IS,Fantasy,74,6.712162162162162
1591,BY,Fantasy,33,6.748484848484848
1592,CU,Thriller,27,6.807407407407407
1593,IE,Unknown,31,6.461290322580645
1594,MT,Drama,25,6.388000000000001
1595,AM,Adventure,38,6.373684210526315
1596,BD,Mystery,29,7.19655172413793
1597,AU,Biography,2632,6.850189969604863
1598,SUHH,Family,1326,6.505580693815988
1599,BE,Comedy,4859,6.18808396789463
1600,TH,Musical,64,6.4390625
1601,TH,Adventure,1246,6.379213483146068
1602,XKO,Adventure,18,6.3055555555555545
1603,ID,Unknown,75,6.621333333333333
1604,AM,Comedy,106,6.59245283018868
1605,LU,Horror,35,5.6085714285714285
1606,CD,Drama,7,7.228571428571429
1607,CR,Romance,25,6.192
1608,KH,Adventure,9,6.5
1609,HU,Mystery,2669,6.123716747845634
1610,CA,Western,2685,6.0693109869646165
1611,EC,Fantasy,1198,6.032220367278797
1612,NL,Fantasy,1001,6.059640359640359
1613,AU,Crime,8025,6.085433021806857
1614,TW,Documentary,1464,7.189959016393441
1615,XWG,Horror,2030,5.447044334975369
1616,NG,Adventure,92,6.414130434782609
1617,VN,Film-Noir,17,7.800000000000002
1618,SG,Thriller,3392,5.65905070754717
1619,CO,Western,98,6.1000000000000005
1620,CN,Western,125,6.7176
1621,AM,Mystery,13,6.246153846153846
1622,MA,Crime,19,6.7105263157894735
1623,LU,Mystery,29,6.210344827586207
1624,CM,Thriller,13,6.684615384615385
1625,RS,Unknown,14,6.514285714285713
1626,LK,Horror,18,6.344444444444444
1627,HU,Fantasy,2050,6.060341463414633
1628,GB,Horror,15723,4.8529097500477025
1629,CZ,Comedy,3761,6.207178941770805
1630,VN,Fantasy,790,6.053037974683546
1631,SI,Crime,1156,6.67923875432526
1632,SI,Western,162,6.448765432098767
1633,IS,Mystery,59,6.593220338983051
1634,VN,Comedy,3291,6.1253114554846535
1635,HR,Music,220,6.821818181818182
1636,VN,Musical,91,6.653846153846154
1637,AE,Fantasy,460,6.011956521739131
1638,GR,Adult,239,5.268619246861924
1639,TJ,Drama,25,6.707999999999999
1640,XSA,Animation,36,6.716666666666666
1641,LV,Animation,390,6.353589743589745
1642,XSA,Thriller,19,5.247368421052631
1643,SA,Adventure,27,6.192592592592592
1644,MX,Reality-TV,10,6.57
1645,XYU,Western,680,6.259705882352942
1646,XWW,Documentary,7956,7.145877325289091
1647,CZ,Adventure,2035,6.238427518427517
1648,RS,Family,690,6.193623188405796
1649,XYU,Family,225,6.868444444444445
1650,IN,Film-Noir,121,7.0206611570247945
1651,VN,Western,75,6.755999999999999
1652,CZ,History,437,6.80663615560641
1653,CO,Unknown,36,6.163888888888889
1654,PR,History,7,7.685714285714286
1655,NL,Adventure,2956,6.142726657645465
1656,ES,Action,10923,5.67268149775703
1657,SUHH,Sci-Fi,1071,5.4893557422969215
1658,HU,Family,2516,6.080087440381558
1659,LT,Drama,5515,6.721087941976428
1660,UZ,History,59,7.374576271186441
1661,CH,Adult,23,4.895652173913043
1662,ME,Romance,17,6.194117647058824
1663,PR,Documentary,27,7.877777777777777
1664,PL,News,55,7.298181818181819
1665,GR,News,43,7.276744186046511
1666,IN,News,33,7.563636363636364
1667,KH,Romance,6,7.183333333333333
1668,EC,Action,3578,5.983454443823364
1669,EE,Fantasy,406,6.406896551724139
1670,EC,Family,881,6.17366628830874
1671,LT,Film-Noir,21,7.795238095238095
1672,MA,War,8,6.937499999999999
1673,NG,Thriller,78,5.730769230769231
1674,LB,Horror,6,5.166666666666667
1675,PL,Unknown,153,5.936601307189543
1676,VE,Action,834,6.137889688249403
1677,PL,Western,736,6.212228260869565
1678,DK,Thriller,2123,6.222232689590201
1679,EC,Mystery,1581,6.191018342820998
1680,GR,History,2069,6.739439342677621
1681,DDDE,Musical,159,6.319496855345912
1682,PR,Sci-Fi,16,6.2625
1683,KR,War,270,6.62074074074074
1684,CN,Musical,185,6.579459459459459
1685,XEU,Adult,29,5.33448275862069
1686,KR,Family,404,6.4259900990098995
1687,CH,Animation,254,6.650393700787402
1688,SA,Action,31,6.306451612903226
1689,XKO,Documentary,7,7.328571428571429
1690,PK,War,16,6.587499999999999
1691,FI,Family,2225,6.222831460674158
1692,FR,Mystery,4628,5.933059636992221
1693,AT,Fantasy,474,6.332278481012659
1694,TR,Family,1279,5.951759186864738
1695,EG,Comedy,2611,5.95817694369973
1696,SG,Western,113,5.979646017699115
1697,XWG,Sport,242,6.205785123966942
1698,CZ,Family,796,6.082286432160803
1699,BG,Unknown,29,6.096551724137931
1700,CR,Crime,22,5.909090909090909
1701,MN,Horror,26,4.976923076923077
1702,RS,Thriller,2186,6.120951509606588
1703,PA,War,23,6.813043478260869
1704,NZ,Family,254,6.30236220472441
1705,LT,Thriller,1349,6.3208302446256495
1706,CI,Drama,16,6.56875
1707,CR,Drama,117,6.411965811965811
1708,GH,Documentary,6,7.466666666666668
1709,CR,Mystery,15,6.140000000000001
1710,PY,Documentary,7,7.1571428571428575
1711,PT,Drama,21076,6.38110647181629
1712,PL,History,2466,6.688686131386863
1713,US,Family,8038,6.090370738989799
1714,TR,War,956,6.433368200836821
1715,SI,Musical,127,6.555118110236221
1716,IE,Fantasy,326,6.141411042944785
1717,ZA,Horror,1710,5.163450292397662
1718,CL,Sport,74,6.655405405405404
1719,TH,Western,39,6.628205128205129
1720,EE,Mystery,437,6.366819221967964
1721,SN,Drama,62,6.88548387096774
1722,AM,Family,21,6.423809523809524
1723,SE,Reality-TV,9,7.200000000000001
1724,IT,Horror,5871,5.304002725259751
1725,VE,Comedy,1281,6.083216237314598
1726,HK,Crime,3671,6.107736311631705
1727,XWW,Action,9939,5.965942247711039
1728,HK,Mystery,1235,6.094655870445345
1729,PA,Crime,69,6.881159420289856
1730,SG,War,248,6.556451612903227
1731,CZ,Musical,120,6.579166666666667
1732,SG,Animation,613,6.643393148450244
1733,SI,Sport,104,6.766346153846153
1734,KZ,Sport,45,7.093333333333332
1735,ZA,Unknown,12,6.6499999999999995
1736,DZ,Unknown,14,6.757142857142857
1737,RU,News,57,7.235087719298246
1738,PR,Sport,7,7.128571428571427
1739,PE,Horror,1011,5.483679525222554
1740,AR,Sport,440,6.499772727272729
1741,VE,Sci-Fi,294,5.78673469387755
1742,XYU,Animation,56,6.866071428571428
1743,HK,Thriller,2330,5.944806866952788
1744,LV,Action,1023,6.39169110459433
1745,AL,War,36,7.6305555555555555
1746,BO,Sci-Fi,16,6.25
1747,KP,Comedy,12,5.308333333333334
1748,DE,Mystery,4639,5.719443845656388
1749,CN,Documentary,1239,7.106941081517353
1750,SUHH,Biography,812,6.779064039408867
1751,CO,Adventure,949,6.265437302423606
1752,NZ,Fantasy,285,6.143157894736842
1753,LB,Adventure,29,6.410344827586207
1754,MK,Documentary,22,7.804545454545456
1755,MA,Animation,22,6.418181818181818
1756,VN,Unknown,12,5.833333333333333
1757,EC,Drama,10763,6.4609681315618355
1758,SUHH,Romance,4122,6.5708879184861715
1759,GB,Sci-Fi,5092,5.121995286724274
1760,UA,War,431,7.041531322505801
1761,SG,Action,3734,5.945822174611675
1762,GE,Romance,83,6.509638554216869
1763,GT,Crime,12,6.925
1764,PH,Fantasy,1288,5.878571428571429
1765,LT,Sci-Fi,552,6.308514492753623
1766,NP,Romance,119,6.734453781512606
1767,LK,Comedy,70,6.444285714285715
1768,TR,Adventure,4812,5.8702618453865325
1769,IN,Unknown,2357,6.613449299957573
1770,CM,Family,6,6.75
1771,LI,Adventure,12,6.625
1772,TH,Sci-Fi,500,6.159199999999999
1773,PK,Mystery,21,6.5666666666666655
1774,SA,Drama,67,5.937313432835822
1775,DK,History,1112,6.749100719424462
1776,RO,Family,1009,6.174826560951438
1777,JM,Music,20,6.535000000000001
1778,ES,Sci-Fi,3071,5.384402474763922
1779,IL,Adventure,1571,6.354232972628899
1780,BA,Comedy,274,6.2478102189781035
1781,DO,Biography,17,7.411764705882353
1782,XAS,Animation,145,6.453793103448277
1783,ID,Sport,120,6.774166666666667
1784,KG,Fantasy,8,6.4375
1785,PA,Animation,13,6.907692307692307
1786,BO,Romance,18,5.933333333333334
1787,BG,Thriller,2892,5.915387275242047
1788,ZA,Sci-Fi,784,5.6313775510204085
1789,AE,Unknown,12,5.425000000000001
1790,SG,Unknown,27,6.2333333333333325
1791,XAS,Fantasy,38,5.957894736842105
1792,NP,Documentary,21,7.890476190476191
1793,BR,Drama,35448,6.30205089144662
1794,FR,Crime,10642,6.091937605713215
1795,GB,Mystery,8279,5.704783186375164
1796,XYU,Adventure,963,6.4017653167185875
1797,AU,Mystery,4261,5.786130016428068
1798,XYU,Music,207,6.431400966183576
1799,NO,Music,452,6.597566371681416
1800,AT,Sci-Fi,327,6.086850152905199
1801,ZA,Fantasy,752,5.900398936170212
1802,NZ,Crime,879,6.4120591581342445
1803,MZ,Drama,18,6.28888888888889
1804,HR,Documentary,765,7.295555555555555
1805,CU,Action,29,6.865517241379309
1806,DK,Adult,464,5.741163793103448
1807,CZ,Sport,157,6.535031847133758
1808,NZ,Unknown,19,6.657894736842106
1809,US,Musical,3908,6.2328300921187285
1810,CL,Fantasy,349,6.203151862464182
1811,TR,Film-Noir,224,6.919196428571427
1812,RO,Sci-Fi,825,5.975636363636363
1813,DZ,Adventure,47,6.536170212765957
1814,MZ,Animation,14,6.321428571428571
1815,NP,Crime,23,6.556521739130434
1816,AM,Action,19,5.915789473684211
1817,SE,Unknown,276,5.796739130434784
1818,DK,Comedy,8708,6.148208543867709
1819,GR,Family,2280,6.154736842105262
1820,IS,Romance,78,6.633333333333335
1821,KR,Horror,1368,5.423538011695906
1822,KZ,Comedy,811,6.585819975339088
1823,ZA,Sport,277,6.471119133574008
1824,BY,Romance,49,6.559183673469387
1825,CL,Music,229,7.020087336244542
1826,IR,Western,100,6.695
1827,LU,Action,73,6.2027397260273975
1828,MN,Mystery,12,5.633333333333334
1829,KE,Documentary,16,7.281249999999999
1830,GB,Reality-TV,28,6.1071428571428585
1831,TN,Mystery,24,6.708333333333333
1832,NO,Western,639,6.139436619718312
1833,CL,Musical,84,6.3428571428571425
1834,SG,Fantasy,948,5.894092827004219
1835,UY,Adult,14,5.635714285714286
1836,XKO,Horror,12,5.25
1837,TM,Adventure,6,6.916666666666667
1838,FI,Adventure,5561,6.124869627764791
1839,VE,Romance,839,6.322526817640048
1840,MX,Family,1636,6.160880195599023
1841,KR,Drama,6840,6.425979532163742
1842,PE,Romance,910,6.455054945054944
1843,ZA,Western,203,6.096059113300493
1844,UY,Biography,345,7.0765217391304365
1845,EG,War,132,6.956818181818183
1846,UA,Musical,214,6.556542056074766
1847,NG,Action,63,6.309523809523809
1848,IE,Thriller,901,6.130965593784684
1849,SK,Biography,403,7.061786600496279
1850,DZ,Comedy,98,6.717346938775511
1851,DZ,History,33,7.178787878787878
1852,TN,War,17,6.8999999999999995
1853,NO,Adventure,2632,6.172074468085104
1854,CH,Drama,1717,6.561386138613862
1855,CO,History,191,6.769633507853404
1856,PE,Fantasy,451,6.126385809312638
1857,KR,Sci-Fi,626,5.930830670926516
1858,JM,Animation,87,6.3
1859,MD,Documentary,13,8.03076923076923
1860,RS,Romance,2191,6.476449109995435
1861,NZ,Mystery,378,6.311111111111111
1862,RO,Documentary,631,7.347226624405703
1863,XWG,Thriller,2345,5.893091684434967
1864,DDDE,Sci-Fi,70,6.25857142857143
1865,PK,Action,206,6.358252427184466
1866,EG,Fantasy,495,6.202020202020202
1867,CA,Adult,221,5.6579185520361985
1868,SUHH,Adult,106,5.41132075471698
1869,MD,Thriller,8,6.5249999999999995
1870,KP,War,18,5.794444444444445
1871,BR,Biography,2622,6.774561403508771
1872,DE,Adventure,6919,5.8471166353519335
1873,MX,Mystery,3273,5.9807516040329975
1874,PE,Thriller,1032,6.086627906976744
1875,MX,Documentary,2173,7.149056603773586
1876,HR,Sci-Fi,480,6.352083333333334
1877,IE,Musical,104,6.564423076923077
1878,PA,Western,13,6.453846153846154
1879,AM,Romance,32,6.234375
1880,LK,Thriller,63,6.850793650793651
1881,IQ,Documentary,20,7.225
1882,NL,Music,487,6.732443531827516
1883,VE,Horror,546,5.508974358974359
1884,UZ,Drama,825,7.237090909090908
1885,TW,War,501,6.733532934131738
1886,NO,Film-Noir,227,6.995154185022026
1887,TW,Sci-Fi,1084,5.92979704797048
1888,CM,Action,15,7.140000000000001
1889,CY,Thriller,7,4.885714285714286
1890,AM,War,11,7.1
1891,CA,Comedy,28527,5.9738318084621564
1892,SK,Romance,1110,6.603243243243244
1893,UY,Action,1148,6.419860627177702
1894,NL,Musical,330,6.366969696969696
1895,TR,Musical,521,6.344145873320538
1896,EC,Musical,376,6.292021276595744
1897,DE,Film-Noir,193,6.995336787564766
1898,KR,Crime,1690,6.343550295857988
1899,TR,Sci-Fi,1240,5.759193548387096
1900,LV,Comedy,1572,6.147010178117046
1901,AZ,Music,33,6.957575757575758
1902,MY,Comedy,798,6.180827067669174
1903,IS,Sci-Fi,53,6.760377358490566
1904,TH,Family,281,6.383985765124554
1905,LU,Crime,47,6.414893617021277
1906,DO,Adventure,36,6.602777777777777
1907,LU,Adventure,98,6.137755102040816
1908,GT,Documentary,8,7.7875
1909,SE,History,1690,6.714082840236687
1910,NO,Fantasy,816,6.233455882352941
1911,GB,Family,5435,6.022097516099355
1912,RO,Film-Noir,561,6.702673796791443
1913,IT,Biography,2590,6.799961389961391
1914,SI,Action,1397,6.378095919828204
1915,UY,Fantasy,375,6.488533333333333
1916,KZ,Family,209,6.287081339712919
1917,NP,Action,54,7.024074074074073
1918,VN,Thriller,1781,5.9850084222347
1919,SK,Western,151,6.67682119205298
1920,KZ,Thriller,353,6.463456090651558
1921,KZ,Fantasy,234,6.514957264957265
1922,IN,Adult,32,5.9156249999999995
1923,CU,Music,16,7.24375
1924,PK,Romance,152,6.112500000000001
1925,AR,Animation,990,6.563636363636365
1926,MX,Horror,5528,5.278219971056439
1927,HR,Adventure,1561,6.485522101217169
1928,IE,Comedy,2045,6.2897310513447415
1929,TW,Thriller,2991,5.938448679371445
1930,JP,Film-Noir,432,6.89236111111111
1931,ZA,Mystery,1189,5.904037005887301
1932,PA,History,29,6.844827586206897
1933,SV,Horror,11,5.6909090909090905
1934,HK,Animation,632,6.7602848101265804
1935,PY,Comedy,28,6.242857142857143
1936,XAS,Crime,46,6.25
1937,MY,Music,19,6.8315789473684205
1938,TN,Fantasy,16,6.8500000000000005
1939,QA,Comedy,6,6.25
1940,DK,Romance,4998,6.383193277310923
1941,NO,History,799,6.714893617021275
1942,JM,Action,55,6.196363636363635
1943,EG,Romance,1788,6.120357941834452
1944,XAS,Drama,186,6.452150537634408
1945,PA,Film-Noir,9,7.1000000000000005
1946,EG,Biography,440,7.03590909090909
1947,BO,Comedy,54,5.777777777777779
1948,MT,Comedy,6,5.95
1949,IN,Reality-TV,13,6.3307692307692305
1950,PT,Fantasy,1682,6.017419738406658
1951,SUHH,Animation,326,6.885276073619633
1952,CL,Romance,757,6.479656538969616
1953,CU,Sci-Fi,17,6.470588235294118
1954,SI,Film-Noir,30,7.556666666666667
1955,PH,Music,380,6.669736842105263
1956,YUCS,Action,19,6.2631578947368425
1957,LI,Crime,6,6.133333333333333
1958,SY,Comedy,13,6.776923076923077
1959,JM,Thriller,12,6.199999999999999
1960,HU,History,1739,6.716618746405981
1961,DDDE,Family,460,6.652608695652174
1962,AE,War,118,6.686440677966102
1963,CZ,Music,237,6.744303797468355
1964,CL,Film-Noir,70,6.814285714285714
1965,CO,Thriller,679,5.98100147275405
1966,ME,Drama,60,6.368333333333334
1967,KZ,Sci-Fi,242,6.881404958677686
1968,LV,Mystery,367,6.233787465940055
1969,BA,Horror,245,5.513469387755102
1970,MY,Thriller,318,5.871383647798742
1971,TN,Family,19,6.273684210526315
1972,PK,History,33,6.86060606060606
1973,DE,Biography,3117,6.800288739172279
1974,NL,Thriller,2722,5.829353416605437
1975,HK,Drama,9974,6.397513535191499
1976,XWG,War,1139,6.3882352941176475
1977,IS,Biography,36,6.958333333333332
1978,PE,Biography,303,7.075247524752474
1979,NO,Unknown,69,5.898550724637682
1980,ZA,Biography,729,6.9300411522633745
1981,CN,Film-Noir,69,7.282608695652174
1982,CZ,Biography,615,7.00861788617886
1983,AZ,History,37,7.35135135135135
1984,LB,Musical,10,6.7299999999999995
1985,LU,War,12,7.133333333333334
1986,DE,Romance,8876,6.148940964398383
1987,IT,Western,1993,5.876066231811339
1988,SE,Mystery,2801,6.122634773295253
1989,IE,Crime,1055,6.386635071090048
1990,US,Film-Noir,1568,6.5146683673469425
1991,FR,Film-Noir,642,6.701557632398755
1992,KR,Romance,1945,6.253521850899744
1993,DDDE,War,431,6.789559164733177
1994,XKO,Comedy,36,6.030555555555555
1995,CY,Comedy,15,6.366666666666666
1996,DO,Fantasy,16,6.206250000000001
1997,PH,Romance,3338,6.245416417016177
1998,EG,Film-Noir,8,7.95
1999,CO,Film-Noir,25,6.556000000000001
2000,ID,Thriller,1756,5.6386674259681095
2001,LB,Documentary,100,7.339000000000001
2002,QA,Documentary,23,7.48695652173913
2003,LK,Adventure,17,6.570588235294117
2004,GT,Romance,7,5.871428571428572
2005,JP,Biography,2903,6.85780227351016
2006,CA,Film-Noir,993,6.694461228600201
2007,IN,Adventure,6655,6.1682344102178845
2008,SI,Mystery,494,6.688056680161943
2009,TH,War,107,6.952336448598131
2010,TN,Romance,36,6.9944444444444445
2011,MN,Drama,93,7.001075268817206
2012,BD,Music,6,5.483333333333333
2013,SY,War,7,7.242857142857142
2014,TR,Drama,18817,6.201046925652339
2015,GB,History,4363,6.7358010543204205
2016,DE,Sci-Fi,2925,5.163213675213674
2017,HU,Film-Noir,229,7.132314410480349
2018,HU,Musical,1010,6.422475247524753
2019,EC,Crime,3078,6.335217673814165
2020,IN,Music,1054,6.642504743833015
2021,IT,Sci-Fi,2404,5.47391846921797
2022,TH,Romance,1085,6.390046082949309
2023,SI,Animation,358,6.609497206703911
2024,DDDE,Crime,473,6.4097251585623685
2025,MY,Action,600,5.973666666666666
2026,LT,Western,115,6.701739130434782
2027,LV,Adventure,1013,6.322013820335638
2028,KZ,History,68,7.186764705882353
2029,CO,Sport,69,6.466666666666669
2030,NP,Drama,303,7.240924092409239
2031,GE,Unknown,7,7.699999999999998
2032,BB,Drama,6,7.0
2033,FI,Comedy,13131,6.086215825146598
2034,JM,Romance,47,6.459574468085106
2035,SK,Adventure,1495,6.441939799331104
2036,SG,Crime,2642,6.233043149129446
2037,IE,History,383,6.8929503916449075
2038,CM,Documentary,15,6.993333333333333
2039,LU,Family,43,6.116279069767442
2040,PR,Crime,29,6.0137931034482754
2041,RS,Comedy,4445,6.312080989876267
2042,CU,Crime,33,6.378787878787879
2043,TW,Animation,1450,6.701310344827586
2044,NZ,Action,1273,6.261743912018853
2045,VE,Sport,54,6.503703703703703
2046,CZ,Documentary,691,7.075253256150506
2047,XAS,Comedy,166,5.9951807228915674
2048,XAS,Action,159,6.223899371069183
2049,KG,Adventure,20,6.659999999999999
2050,UA,Action,3630,6.0353719008264415
2051,NZ,Romance,776,6.4095360824742285
2052,AR,War,963,6.731983385254414
2053,AR,Music,907,6.680926130099228
2054,PL,Sci-Fi,2187,5.499862825788752
2055,UZ,Romance,168,6.98452380952381
2056,IN,History,1814,6.89834619625138
2057,IL,Sport,152,6.801315789473685
2058,CR,Family,10,6.7
2059,JM,Fantasy,21,5.985714285714286
2060,BA,Western,8,6.7749999999999995
2061,MN,Comedy,32,5.978125
2062,US,Romance,25893,6.118248175182486
2063,CO,Romance,530,6.394905660377358
2064,BD,Drama,740,6.9845945945945935
2065,NG,Comedy,190,6.116315789473684
2066,PR,Family,13,6.7846153846153845
2067,MK,Horror,23,5.591304347826087
2068,BR,War,2054,6.415676728334956
2069,BR,History,2146,6.641425908667288
2070,SUHH,War,1753,6.582316029663436
2071,GR,Film-Noir,797,6.786825595984943
2072,XEU,Romance,242,6.114876033057851
2073,DDDE,Adventure,519,6.502697495183044
2074,CL,Western,262,6.322137404580152
2075,SG,Musical,195,6.475384615384615
2076,RS,Musical,123,6.597560975609756
2077,PA,Music,11,7.409090909090909
2078,KH,Horror,26,5.934615384615385
2079,AR,Crime,4405,6.327377979568672
2080,AT,Crime,2065,6.47142857142857
2081,CN,Comedy,5589,6.18981928788692
2082,IT,Animation,1870,6.510588235294117
2083,HR,Animation,476,6.633823529411765
2084,RO,Mystery,1553,6.2611075338055375
2085,SI,Drama,3755,6.758695073235686
2086,IN,Documentary,2824,7.1512039660056645
2087,DE,Music,1854,6.671574973031283
2088,IL,War,249,6.969076305220884
2089,CH,War,78,6.824358974358974
2090,XEU,War,85,6.557647058823529
2091,ID,Sci-Fi,507,5.770216962524656
2092,NZ,Animation,461,6.515835140997831
2093,NP,Horror,16,6.6375
2094,NL,Romance,2671,6.30700112317484
2095,EC,Animation,779,6.68818998716303
2096,IS,History,17,7.117647058823529
2097,DDDE,History,309,6.788996763754046
2098,VN,Mystery,1048,6.104103053435115
2099,PH,Action,4570,5.857089715536104
2100,TW,Biography,1206,6.988225538971806
2101,VN,Sport,169,6.500591715976331
2102,CO,Animation,393,6.447837150127226
2103,MK,Animation,27,6.518518518518517
2104,IT,Musical,1310,6.152824427480916
2105,CSHH,Crime,540,6.434074074074075
2106,XEU,Comedy,798,5.861904761904761
2107,CZ,Mystery,889,6.364679415073117
2108,IR,Action,579,6.008635578583764
2109,AE,Documentary,337,6.96973293768546
2110,CH,Sci-Fi,75,6.236
2111,NG,Documentary,6,6.883333333333333
2112,CSHH,Drama,1954,6.584186284544525
2113,PT,Crime,5941,6.213549907422995
2114,HR,Crime,1571,6.647803946530873
2115,JP,Unknown,1315,6.239011406844105
2116,CN,Mystery,1501,6.1545636242505
2117,UA,History,633,6.864296998420221
2118,LT,Crime,1723,6.510446894950668
2119,EE,War,99,7.08080808080808
2120,BG,Sci-Fi,943,5.899787910922588
2121,DDDE,Horror,36,6.441666666666666
2122,JP,Adult,247,5.6748987854251
2123,BF,Thriller,6,6.516666666666667
2124,PR,Adventure,60,6.449999999999999
2125,HK,Sport,161,6.368944099378881
2126,AM,Documentary,48,6.229166666666667
2127,CA,Drama,52606,6.303822757860312
2128,CA,Sci-Fi,4975,5.319497487437187
2129,AR,Sci-Fi,1150,5.852
2130,ZA,Comedy,3856,5.98864107883817
2131,AR,Thriller,3497,5.977866742922505
2132,GR,Unknown,288,6.1819444444444445
2133,UZ,Horror,175,6.317714285714286
2134,UY,Family,314,6.325796178343951
2135,BO,Action,36,6.169444444444445
2136,HK,Western,126,6.374603174603174
2137,EG,Musical,239,5.959414225941423
2138,VE,Film-Noir,127,6.848818897637796
2139,IL,Animation,659,6.331411229135052
2140,XEU,Adventure,309,5.881877022653722
2141,AE,Action,1940,6.049742268041238
2142,XEU,Sport,21,6.5476190476190474
2143,ID,Documentary,327,7.006116207951072
2144,ES,Adult,287,5.440766550522648
2145,EE,Musical,45,6.677777777777778
2146,TN,Documentary,131,8.09236641221374
2147,CG,Comedy,17,6.141176470588235
2148,XSA,Documentary,8,7.762500000000001
2149,SA,Romance,8,6.125
2150,ES,Crime,10076,6.086006351726882
2151,XWW,Fantasy,3406,6.032442748091605
2152,DE,Horror,8055,4.892327746741155
2153,US,Horror,24401,4.94501045039138
2154,ES,Fantasy,3296,5.871480582524273
2155,RS,Mystery,1372,6.244825072886296
2156,SI,Horror,354,6.2161016949152526
2157,UA,Biography,899,7.0325917686318125
2158,AR,Biography,1379,6.885206671501086
2159,IS,Action,146,6.6280821917808215
2160,CM,Drama,63,6.831746031746032
2161,EG,Action,1752,6.211529680365297
2162,YUCS,Crime,45,6.555555555555555
2163,YUCS,Romance,49,6.581632653061225
2164,CH,Thriller,215,6.263255813953489
2165,LI,Comedy,15,6.486666666666666
2166,LV,War,66,6.819696969696969
2167,CG,Animation,19,6.231578947368422
2168,MV,Thriller,6,8.450000000000001
2169,MX,Western,1322,6.133812405446292
2170,ID,Comedy,2509,6.107413312076525
2171,CSHH,War,255,6.819215686274508
2172,RS,Western,181,6.518232044198895
2173,EG,Sport,90,6.695555555555556
2174,SV,Comedy,16,5.924999999999999
2175,AZ,Unknown,8,7.050000000000001
2176,XAS,Mystery,29,5.817241379310344
2177,ME,Action,13,6.576923076923078
2178,HU,Crime,6139,6.2186675354292245
2179,BR,Action,10283,5.704123310318005
2180,HR,Action,1727,6.38442385639838
2181,GR,Sci-Fi,2396,5.594240400667781
2182,BE,Biography,503,6.677534791252485
2183,ZA,Musical,164,6.288414634146341
2184,HK,War,310,6.518387096774193
2185,IL,Musical,116,6.5474137931034475
2186,CO,Musical,50,6.440000000000001
2187,AZ,Mystery,87,6.7
2188,BY,History,12,6.45
2189,LK,Unknown,23,7.182608695652173
2190,KH,Comedy,8,6.7749999999999995
2191,FR,Action,11213,5.670355836974945
2192,EE,Adventure,1195,6.366861924686193
2193,PL,Family,2607,6.08055235903337
2194,RO,History,948,6.741350210970464
2195,DK,Film-Noir,425,6.79035294117647
2196,LT,Adventure,1744,6.349885321100918
2197,KZ,War,40,7.277500000000001
2198,ZA,Film-Noir,58,6.522413793103447
2199,PH,Adventure,2353,6.047726306842329
2200,MA,Biography,12,7.158333333333334
2201,GE,Crime,91,6.759340659340659
2202,XAS,Family,37,6.289189189189189
2203,NP,Comedy,71,6.978873239436621
2204,DZ,Biography,22,7.531818181818181
2205,HU,Adventure,5184,6.07241512345679
2206,AT,Romance,2717,6.431652557968347
2207,BR,Comedy,19215,6.020666146239919
2208,DK,Musical,1065,6.196901408450703
2209,PL,Film-Noir,263,7.024334600760456
2210,VN,Drama,5044,6.563639968279142
2211,VN,Romance,1584,6.357765151515153
2212,NG,Drama,356,6.414887640449438
2213,PA,Family,14,7.235714285714286
2214,SK,Animation,417,6.660911270983213
2215,DE,Reality-TV,9,5.9
2216,TR,Crime,4719,6.139372748463658
2217,HU,Horror,2805,5.557860962566843
2218,FR,Sci-Fi,2876,5.311335187760777
2219,SUHH,Musical,970,6.419690721649483
2220,UA,Film-Noir,90,7.347777777777776
2221,PT,Unknown,186,6.112903225806452
2222,IN,Mystery,5281,6.0604999053209605
2223,SG,Drama,9631,6.277219395701384
2224,SK,Crime,1149,6.712967798085293
2225,EC,Sport,330,6.424545454545454
2226,FI,Adult,219,5.694977168949771
2227,LT,Sport,176,6.589772727272727
2228,UY,Sport,78,6.851282051282051
2229,TN,Music,11,7.736363636363637
2230,FI,Horror,2779,5.6975890608132405
2231,CZ,Action,2360,6.138686440677966
2232,BR,Musical,1898,6.2511064278187565
2233,IL,Horror,856,5.693808411214955
2234,IR,Animation,188,7.053191489361703
2235,ZA,Family,648,5.991975308641975
2236,TH,Biography,339,7.1657817109144535
2237,SG,Sport,289,6.671280276816608
2238,DDDE,Animation,58,7.1
2239,BD,Documentary,32,8.1
2240,BE,Adventure,2581,6.000968616815188
2241,EG,Western,52,6.673076923076923
2242,UA,Sport,277,6.511552346570398
2243,PE,Animation,548,6.345620437956205
2244,PK,Family,33,6.6030303030303035
2245,LU,Animation,80,6.242500000000001
2246,GL,Horror,9,5.677777777777778
2247,ME,Thriller,9,6.288888888888889
2248,DK,War,1289,6.522498060512024
2249,AR,Fantasy,1431,6.128022361984625
2250,XWG,Comedy,7895,5.893717542748579
2251,UA,Mystery,1478,6.199661705006766
2252,IN,Thriller,12727,5.899465702836491
2253,VE,Animation,154,6.458441558441558
2254,NP,Animation,12,7.083333333333333
2255,US,Unknown,2748,6.169541484716157
2256,PT,Comedy,12123,6.093054524457644
2257,SK,Comedy,2255,6.474855875831485
2258,XWG,Western,1744,5.9670298165137625
2259,CU,Fantasy,24,6.733333333333333
2260,HK,Sci-Fi,617,6.104051863857376
2261,PR,Romance,33,6.242424242424242
2262,HR,News,7,7.371428571428571
2263,DE,Unknown,809,6.369097651421507
2264,UA,Adventure,3054,6.2035690897184
2265,XWW,Musical,1211,6.2285714285714295
2266,CZ,Crime,1746,6.552863688430699
2267,SI,Romance,1349,6.511341734618236
2268,CL,Action,1097,6.31577028258888
2269,CU,Comedy,100,6.562
2270,PH,Musical,230,6.540869565217392
2271,HR,Film-Noir,100,7.3660000000000005
2272,PR,Fantasy,11,6.254545454545456
2273,HK,Adult,35,5.325714285714286
2274,LU,Comedy,132,6.178787878787879
2275,LU,Fantasy,39,6.1000000000000005
2276,SUHH,Adventure,2857,6.232586629331469
2277,CA,Music,2934,6.621745057941377
2278,JP,Music,2104,6.760931558935361
2279,KR,Comedy,2776,6.182024495677232
2280,IL,Film-Noir,26,7.6076923076923055
2281,KE,Comedy,15,6.693333333333333
2282,BR,Adventure,8083,5.906495113200544
2283,AT,Unknown,303,6.3396039603960395
2284,GR,Drama,32275,6.34570100697133
2285,AT,Comedy,4070,6.2317690417690415
2286,CN,Horror,1760,5.439431818181819
2287,AU,Action,8948,5.689718372820743
2288,FI,Musical,1199,6.257714762301918
2289,ZA,Crime,2141,6.168893040635216
2290,DE,Sport,1063,6.40865475070555
2291,NL,War,714,6.4715686274509805
2292,XEU,Drama,1550,6.389548387096775
2293,BO,Drama,122,6.311475409836067
2294,HK,Unknown,326,5.630981595092026
2295,IL,History,390,7.001282051282051
2296,CU,Documentary,62,7.211290322580645
2297,CH,Unknown,51,6.3
2298,EE,Unknown,7,5.8999999999999995
2299,PK,Biography,25,7.156000000000001
2300,BY,Horror,21,5.690476190476191
2301,TZ,Documentary,7,7.7857142857142865
2302,SE,War,1774,6.46826381059752
2303,SUHH,Comedy,6845,6.382220598977354
2304,IN,Comedy,19755,6.0707415844090065
2305,PE,Mystery,607,6.16820428336079
2306,JP,Documentary,4812,7.1170615128844545
2307,TH,Drama,3327,6.60796513375413
2308,XWG,Family,1057,6.482119205298014
2309,IR,Music,79,6.1873417721519
2310,KR,Fantasy,648,6.149999999999999
2311,TR,Adult,203,5.351231527093596
2312,EE,Animation,473,6.403382663847782
2313,RS,News,8,7.2
2314,KW,Action,9,5.544444444444444
2315,US,Comedy,55557,5.943296074302065
2316,DK,Mystery,1544,6.3683937823834205
2317,TW,Drama,12779,6.540143986227408
2318,FR,Fantasy,3299,5.874810548651106
2319,BE,Western,1233,6.16455798864558
2320,IT,History,2197,6.635867091488394
2321,AT,Music,475,6.613052631578947
2322,XWW,Western,433,5.98960739030023
2323,CN,Music,469,6.7846481876332625
2324,RS,Sport,245,6.678775510204082
2325,GE,Biography,27,7.218518518518518
2326,PS,Drama,36,6.844444444444444
2327,EG,Documentary,209,7.110047846889952
2328,BO,Mystery,17,5.982352941176471
2329,PL,Romance,8349,6.305318002155949
2330,BR,Horror,6294,5.275929456625355
2331,UA,Horror,1732,5.6569284064665135
2332,SE,Animation,1336,6.436526946107785
2333,XWG,Film-Noir,505,6.802376237623764
2334,LI,Drama,21,6.061904761904762
2335,KG,Drama,52,6.982692307692308
2336,XAS,Romance,45,6.131111111111112
2337,PK,Music,9,6.766666666666666
2338,MN,Animation,35,6.048571428571429
2339,MN,Action,48,6.339583333333331
2340,PT,News,11,7.254545454545454
2341,US,Thriller,23582,5.488520905775592
2342,UA,Comedy,5735,6.158273757628596
2343,AR,Horror,2587,5.556861229223037
2344,IE,Action,1337,6.257890800299178
2345,FI,Documentary,3626,7.036376172090455
2346,CSHH,Documentary,52,6.9653846153846155
2347,PE,Drama,3102,6.608413926499032
2348,CSHH,Sci-Fi,302,6.416225165562916
2349,SK,Family,443,6.418735891647856
2350,ID,Horror,1879,5.2439595529537
2351,IE,Animation,586,6.445392491467577
2352,KR,Sport,139,6.625179856115107
2353,BA,Action,134,6.126865671641791
2354,LB,Mystery,7,6.714285714285714
2355,JP,Drama,39336,6.388257575757558
2356,AT,Family,575,6.3318260869565215
2357,FI,Film-Noir,630,6.836825396825398
2358,PT,Music,1194,6.476968174204354
2359,XYU,Sci-Fi,130,6.513846153846153
2360,AE,Film-Noir,6,6.933333333333334
2361,SG,Music,334,6.678443113772456
2362,PE,Crime,996,6.489357429718875
2363,PE,Music,156,6.637179487179487
2364,XEU,Fantasy,119,5.923529411764705
2365,EG,Mystery,840,6.230952380952381
2366,LK,Drama,290,7.121724137931033
2367,CL,Documentary,366,7.212295081967213
2368,AO,Drama,11,6.472727272727273
2369,SA,Mystery,18,5.8277777777777775
2370,MD,Romance,21,5.957142857142857
2371,DK,Adventure,3813,6.093731969577758
2372,HU,Unknown,464,6.1978448275862075
2373,XWW,Horror,4942,5.35212464589235
2374,UA,Animation,1279,6.409147771696639
2375,SE,Western,1746,6.027949599083618
2376,ES,Comedy,20866,5.925103038435733
2377,DK,Horror,1236,5.85242718446602
2378,IT,Fantasy,2663,5.911453248216295
2379,VE,History,183,6.638251366120218
2380,BA,Music,21,6.709523809523811
2381,JO,Documentary,12,7.591666666666668
2382,DZ,Sport,7,8.214285714285714
2383,LU,Sci-Fi,12,5.6499999999999995
2384,IQ,Comedy,7,6.514285714285713
2385,JM,Biography,9,6.633333333333333
2386,AM,Sci-Fi,12,6.625
2387,CSXX,Comedy,6,6.383333333333333
2388,BF,Comedy,19,6.510526315789474
2389,MN,Documentary,10,7.4700000000000015
2390,AF,Documentary,16,7.35
2391,SV,Fantasy,7,6.471428571428571
2392,IS,Western,6,6.683333333333334
2393,MZ,Documentary,8,7.15
2394,UZ,Western,10,7.51
2395,BH,Drama,10,6.2
2396,NE,Documentary,7,7.3428571428571425
2397,XAS,Biography,15,7.206666666666667
2398,MC,Romance,6,6.166666666666667
2399,KE,Thriller,8,6.35
2400,KH,Fantasy,7,6.328571428571429
2401,KP,Action,14,5.257142857142857
2402,AL,Musical,9,6.433333333333334
2403,BS,Drama,9,5.3999999999999995
2404,MA,Fantasy,9,5.877777777777777
2405,BJ,Documentary,6,7.05
2406,XAS,Adult,6,4.8500000000000005
2407,NG,Horror,21,5.504761904761905
2408,SV,Action,6,6.633333333333333
2409,XWW,Film-Noir,9,7.111111111111111
2410,GT,Family,6,6.3999999999999995
2411,TJ,Comedy,14,6.614285714285714
2412,PA,Biography,17,7.188235294117647
2413,MC,Documentary,6,7.283333333333334
2414,TN,Horror,8,6.1625
2415,UA,News,12,7.5
2416,MN,Family,21,6.5285714285714285
2417,YUCS,Music,7,6.428571428571429
2418,SG,News,6,7.816666666666666
2419,MZ,Action,9,6.4111111111111105
2420,HU,News,22,7.368181818181819
2421,MC,Animation,6,6.316666666666666
2422,NI,Drama,6,6.300000000000001
2423,TW,News,15,7.2266666666666675
2424,AZ,Musical,20,6.755
2425,TM,Comedy,20,5.84
2426,LB,Fantasy,6,6.05
2427,AR,News,8,7.6375
2428,NZ,News,6,7.383333333333334
2429,IQ,Thriller,9,5.655555555555556
2430,MT,Mystery,7,6.171428571428572
2431,MC,Adventure,7,6.071428571428571
2432,SA,Biography,6,7.066666666666666
2433,CSHH,Film-Noir,12,7.216666666666666
2434,NE,Drama,9,6.933333333333334
2435,SV,Crime,7,6.0
2436,GH,Romance,8,6.737500000000001
2437,AF,War,9,7.300000000000001
2438,ET,Documentary,9,7.344444444444445
2439,CM,Horror,6,6.133333333333334
2440,NL,News,12,6.716666666666666
2441,PY,Thriller,11,6.318181818181818
2442,VDVN,War,8,7.050000000000001
2443,MA,Thriller,19,6.5736842105263165
2444,NG,Biography,13,5.515384615384615
2445,NP,Musical,16,7.425
2446,SM,Drama,20,7.82
2447,GT,Thriller,16,5.89375
2448,YUCS,Animation,10,6.789999999999999
2449,HU,Adult,8,5.8625
2450,SN,Horror,6,5.283333333333333
2451,XSA,Romance,9,6.166666666666668
2452,KG,Biography,7,6.414285714285714
2453,BD,Unknown,7,6.057142857142857
2454,BJ,Action,7,6.871428571428571
2455,SN,Adventure,16,6.35625
2456,PR,Biography,11,6.754545454545454
2457,DO,Sport,13,5.946153846153846
2458,NP,Mystery,17,7.758823529411764
2459,SI,Adult,10,5.74
2460,BO,Family,16,6.218749999999999
2461,EC,Adult,6,5.5
2462,MZ,Comedy,13,6.6692307692307695
2463,KG,Romance,6,6.416666666666667
2464,LA,Drama,9,6.577777777777779
2465,KH,Thriller,7,6.671428571428571
2466,GH,Thriller,8,7.025
2467,LB,Action,27,5.985185185185184
2468,MN,Romance,7,6.471428571428571
2469,SV,Documentary,9,7.3999999999999995
2470,ME,Family,8,5.637500000000001
2471,CR,Documentary,22,7.2727272727272725
2472,BJ,Romance,9,6.5777777777777775
2473,MC,Comedy,11,5.836363636363637
2474,RO,News,9,7.144444444444444
2475,HN,Drama,14,6.507142857142857
2476,VDVN,Drama,12,6.933333333333333
2477,GT,Action,10,6.760000000000001
2478,AM,Fantasy,14,6.164285714285714
2479,LK,Sci-Fi,6,7.150000000000001
2480,CI,Animation,6,6.516666666666666
2481,YUCS,Unknown,7,6.142857142857143
2482,CR,Musical,7,6.557142857142857
2483,MD,Fantasy,8,5.925
2484,PA,Sport,10,7.179999999999998
2485,KE,Family,6,6.599999999999999
2486,IQ,Action,8,6.275
2487,PS,History,8,7.625
2488,AM,Horror,8,5.0874999999999995
2489,JM,Sci-Fi,6,6.416666666666667
2490,CU,Biography,21,7.190476190476191
2491,MD,Family,13,6.115384615384615
2492,CY,Romance,8,5.4875
2493,MY,Western,16,6.0125
2494,UZ,Documentary,8,7.862500000000001
2495,CI,Adventure,6,6.716666666666666
2496,MN,History,9,6.144444444444444
2497,GE,Musical,6,7.133333333333333
2498,BH,Comedy,8,5.925
2499,LI,Documentary,9,6.966666666666667
2500,MN,Unknown,6,7.516666666666666
2501,PH,News,9,7.300000000000001
2502,MO,Drama,10,6.840000000000001
2503,AM,Biography,7,6.8
2504,XSA,Fantasy,8,6.362499999999999
2505,MN,Fantasy,8,5.2625
2506,CM,Sci-Fi,6,7.216666666666666
2507,SY,Animation,6,6.683333333333333
2508,AL,History,9,7.344444444444445
2509,LK,Musical,10,7.3199999999999985
2510,KZ,Western,11,6.9818181818181815
2511,TJ,Fantasy,8,7.074999999999999
2512,XPI,Action,6,5.5
2513,SA,Sci-Fi,6,5.966666666666666
2514,GT,Fantasy,8,6.3125
2515,SN,Action,6,6.7
2516,AW,Action,6,4.833333333333333
2517,TM,Family,6,5.883333333333333
